{"stats":{"minecraft:crafted":{"minecraft:brick":128,"minecraft:oak_planks":80,"minecraft:iron_boots":2,"minecraft:chest":5,"minecraft:crafting_table":2,"minecraft:spruce_planks":12,"minecraft:iron_helmet":2,"minecraft:wooden_pickaxe":1,"minecraft:iron_chestplate":2,"minecraft:charcoal":13,"minecraft:shield":2,"minecraft:stick":16,"minecraft:iron_ingot":182,"minecraft:iron_pickaxe":1,"minecraft:shears":1,"minecraft:cherry_planks":4,"minecraft:furnace":2,"mekanism:ingot_uranium":5,"securitycraft:universal_block_remover":1,"minecraft:stone_pickaxe":2,"minecraft:wheat":162,"minecraft:enchanting_table":1,"minecraft:iron_sword":1,"minecraft:stone_axe":1,"minecraft:enchanted_book":2,"minecraft:bread":56,"minecraft:air":0,"minecraft:wooden_axe":1,"minecraft:iron_shovel":1,"minecraft:iron_leggings":2},"minecraft:picked_up":{"minecraft:iron_chestplate":4,"minecraft:wheat":76,"mekanism:raw_uranium":5,"minecraft:smithing_table":1,"minecraft:turtle_egg":1,"minecraft:enchanted_book":17,"minecraft:potion":2,"tombstone:grave_key":1,"born_in_chaos_v1:bloody_gadfly_eye":1,"paraglider:goddess_statue":2,"minecraft:string":18,"minecraft:explorer_pottery_sherd":2,"minecraft:iron_leggings":2,"minecraft:experience_bottle":4,"minecraft:diamond_leggings":1,"minecraft:gold_nugget":72,"minecraft:cobbled_deepslate":196,"bosses_of_mass_destruction:soul_star":2,"minecraft:bucket":1,"minecraft:spruce_planks":15,"minecraft:azalea":2,"minecraft:enchanted_golden_apple":3,"born_in_chaos_v1:stimulating_decoction":1,"minecraft:melon_slice":4,"farmersdelight:cabbage_seeds":4,"minecraft:iron_boots":1,"minecraft:furnace":1,"iceandfire:pixie_dust":2,"minecraft:stick":17,"born_in_chaos_v1:shattered_skull":1,"minecraft:birch_trapdoor":2,"minecraft:torch":10,"iceandfire:rotten_egg":1,"minecraft:cherry_log":1,"tombstone:grave_dust":17,"minecraft:rotten_flesh":129,"minecraft:bookshelf":2,"minecraft:suspicious_sand":64,"minecraft:cod":4,"undead_revamp2:arapholia":2,"minecraft:snowball":24,"minecraft:cobblestone":111,"minecraft:magma_block":21,"minecraft:lilac":3,"farmersdelight:rice":6,"galosphere:spectre_flare":7,"minecraft:jungle_log":13,"minecraft:potato":2,"minecraft:tuff":26,"born_in_chaos_v1:anluka_doors":1,"undead_revamp2:huntereye":2,"minecraft:lapis_lazuli":55,"minecraft:dirt":143,"smarter_mobs:spider_web":7,"minecraft:lantern":1,"born_in_chaos_v1:monster_skin":22,"minecraft:bone":58,"minecraft:bow":1,"minecraft:wheat_seeds":237,"minecraft:raw_gold":27,"tombstone:scroll_of_reach":1,"minecraft:glowstone_dust":2,"minecraft:bamboo":1,"minecraft:moss_block":5,"enderio:dark_steel_ingot":3,"minecraft:oak_planks":66,"iceandfire:dragonscales_sapphire":13,"tombstone:scroll_of_feather_fall":1,"minecraft:sand":10,"alexsmobs:animal_dictionary":1,"undead_revamp2:heavytooth":1,"travelersbackpack:white_sleeping_bag":1,"minecraft:bundle":5,"immersive_melodies:piano":2,"born_in_chaos_v1:fire_dust":1,"minecraft:diamond":34,"minecraft:slime_block":8,"waystones:waystone":2,"minecraft:writable_book":1,"minecraft:bone_meal":5,"minecraft:golden_apple":4,"minecraft:spruce_sign":4,"minecraft:bread":4,"minecraft:emerald":101,"minecraft:oak_sapling":33,"iceandfire:silver_nugget":82,"iceandfire:raw_silver":2,"minecraft:charcoal":7,"minecraft:cocoa_beans":1,"minecraft:coarse_dirt":1,"minecraft:crafting_table":3,"minecraft:allium":1,"minecraft:clay_ball":37,"born_in_chaos_v1:seedof_chaos":3,"friendsandfoes:totem_of_illusion":3,"minecraft:wooden_pickaxe":1,"spelunkers_charm:deepslate_rock":1,"minecraft:gold_block":2,"minecraft:shield":1,"minecraft:red_bed":1,"minecraft:moss_carpet":7,"minecraft:iron_shovel":1,"minecraft:blackstone":10,"minecraft:candle":1,"minecraft:oak_boat":1,"born_in_chaos_v1:gnawed_bones":3,"minecraft:player_head":5,"minecraft:jungle_sapling":6,"minecraft:iron_nugget":23,"tombstone:tablet_of_assistance":1,"minecraft:diamond_hoe":2,"iceandfire:ice_dragon_heart":1,"minecraft:egg":1,"minecraft:dark_oak_sapling":3,"minecraft:raw_iron":142,"iceandfire:dragonbone":7,"minecraft:stone":2,"minecraft:copper_ingot":11,"immersive_melodies:tiny_drum":2,"born_in_chaos_v1:pieceofdarkmetal":27,"minecraft:carrot":6,"minecraft:redstone":9,"minecraft:howl_pottery_sherd":1,"slenderman:slender_book":1,"minecraft:arrow":55,"minecraft:beetroot_seeds":6,"minecraft:decorated_pot":1,"minecraft:hay_block":29,"tombstone:essence_of_undeath":1,"minecraft:gold_ingot":93,"minecraft:glow_berries":17,"minecraft:mutton":15,"minecraft:rail":15,"minecraft:white_wool":4,"born_in_chaos_v1:fused_bone":2,"born_in_chaos_v1:corpse_maggot":19,"born_in_chaos_v1:monster_flesh":5,"minecraft:burn_pottery_sherd":1,"minecraft:leather":23,"minecraft:oak_log":20,"securitycraft:keypad_chest":3,"minecraft:gunpowder":5,"mca:book_romance":1,"minecraft:paper":1,"tombstone:gift":3,"minecraft:cooked_mutton":14,"minecraft:coast_armor_trim_smithing_template":2,"minecraft:apple":1,"minecraft:iron_ingot":343,"enderio:wood_gear":1,"tombstone:tablet_of_guard":1,"minecraft:stone_pickaxe":1,"tombstone:bag_of_seeds":2,"minecraft:arms_up_pottery_sherd":2,"minecraft:iron_sword":2,"minecraft:book":178,"iceandfire:copper_nugget":64,"minecraft:black_candle":1,"minecraft:sweet_berries":37,"iceandfire:ash":1,"born_in_chaos_v1:ethereal_spirit":7,"born_in_chaos_v1:dark_rod":2,"minecraft:spruce_sapling":2,"minecraft:spruce_log":4,"mekanism:raw_osmium":16,"minecraft:spider_eye":2,"tombstone:scroll_of_true_sight":1,"undead_revamp2:rawbostrox":2,"minecraft:oak_wood":1,"minecraft:slime_ball":11,"minecraft:iron_helmet":1,"immersive_melodies:didgeridoo":2,"minecraft:painting":7,"minecraft:cherry_sapling":1,"minecraft:gray_wool":1,"iceandfire:ice_dragon_flesh":7,"tombstone:magic_scroll":8,"minecraft:damaged_anvil":1,"minecraft:melon_seeds":3,"minecraft:black_wool":1,"minecraft:coal":25,"minecraft:ender_pearl":16},"minecraft:broken":{"minecraft:iron_boots":1,"minecraft:iron_leggings":1,"minecraft:stone_pickaxe":2,"minecraft:shield":1,"minecraft:iron_pickaxe":1,"minecraft:iron_helmet":2},"minecraft:custom":{"minecraft:animals_bred":23,"minecraft:interact_with_crafting_table":69,"minecraft:open_barrel":81,"minecraft:eat_cake_slice":12,"minecraft:leave_game":18,"minecraft:time_since_death":502571,"minecraft:sprint_one_cm":2512781,"minecraft:damage_blocked_by_shield":2325,"minecraft:drop":262,"minecraft:talked_to_villager":98,"minecraft:play_time":1037574,"minecraft:deaths":15,"minecraft:jump":31032,"minecraft:walk_on_water_one_cm":58892,"minecraft:interact_with_furnace":162,"minecraft:traded_with_villager":2,"minecraft:sleep_in_bed":18,"minecraft:waystone_activated":1,"tombstone:sneak_grave":2,"minecraft:damage_dealt":34428,"minecraft:crouch_one_cm":222690,"tombstone:undead_killed":104,"minecraft:interact_with_smoker":6,"minecraft:interact_with_smithing_table":8,"minecraft:interact_with_anvil":6,"minecraft:mob_kills":168,"minecraft:damage_dealt_resisted":864,"minecraft:climb_one_cm":32655,"minecraft:walk_one_cm":1367316,"minecraft:sneak_time":70095,"minecraft:walk_under_water_one_cm":59080,"minecraft:boat_one_cm":137338,"minecraft:interact_with_blast_furnace":2,"minecraft:total_world_time":1037574,"spartanshields:shield_bash_hits":6,"tombstone:raider_killed":4,"minecraft:time_since_rest":149060,"minecraft:damage_taken":23557,"minecraft:trigger_trapped_chest":2,"minecraft:swim_one_cm":30001,"minecraft:fly_one_cm":10765377,"minecraft:open_chest":800,"minecraft:fall_one_cm":440564},"minecraft:killed":{"undead_revamp2:thewolf":4,"born_in_chaos_v1:zombie_clown":2,"born_in_chaos_v1:restless_spirit":4,"born_in_chaos_v1:zombie_lumberjack":2,"born_in_chaos_v1:skeleton_demoman":2,"minecraft:spider":12,"undead_revamp2:thesmoker":2,"minecraft:zombie_horse":6,"minecraft:skeleton":66,"undead_revamp2:therod":12,"minecraft:illusioner":6,"born_in_chaos_v1:firelight_not_despawn":2,"undead_revamp2:thespitter":2,"undead_revamp2:theheavy":4,"minecraft:creeper":2,"laendli_transport:crab":10,"minecraft:pillager":2,"cataclysm:deepling_brute":2,"minecraft:zombie":42,"born_in_chaos_v1:dread_hound":4,"born_in_chaos_v1:corpse_fly":20,"cataclysm:deepling":2,"minecraft:stray":2,"minecraft:vex":2,"undead_revamp2:thehunter":2,"undead_revamp2:thegliter":2,"alexsmobs:tiger":2,"undead_revamp2:bomber":4,"born_in_chaos_v1:zombie_bruiser":6,"born_in_chaos_v1:maggot":18,"takesapillage:clay_golem":2,"undead_revamp2:thehorrors":2,"undead_revamp2:sucker":2,"born_in_chaos_v1:barrel_zombie":2,"born_in_chaos_v1:fallen_chaos_knight":6,"minecraft:husk":8,"laendli_transport:slabcrab":2,"born_in_chaos_v1:baby_skeleton":2,"born_in_chaos_v1:swarmer":2,"undead_revamp2:the_moonflower":6,"born_in_chaos_v1:decrepit_skeleton":12,"born_in_chaos_v1:bloody_gadfly":4,"undead_revamp2:thesomnolence":4,"iceandfire:ghost":6,"born_in_chaos_v1:dark_vortex":2,"iceandfire:ice_dragon":2},"minecraft:used":{"minecraft:chest":11,"minecraft:shield":54,"minecraft:iron_sword":776,"minecraft:player_head":8,"paraglider:goddess_statue":2,"securitycraft:keypad_item":3,"minecraft:carrot":18,"minecraft:tuff":1,"minecraft:snowball":1,"minecraft:obsidian":62,"minecraft:lava_bucket":12,"minecraft:villager_spawn_egg":2,"minecraft:grass_block":40,"born_in_chaos_v1:gnawed_bones":2,"minecraft:magma_block":14,"minecraft:hay_block":9,"minecraft:sweet_berries":29,"minecraft:furnace":3,"minecraft:oak_sapling":7,"minecraft:gold_block":1,"minecraft:egg":2,"minecraft:damaged_anvil":1,"minecraft:stone_pickaxe":265,"minecraft:oak_planks":73,"minecraft:blackstone":3,"minecraft:wooden_pickaxe":16,"minecraft:white_wool":2,"minecraft:sand":1,"securitycraft:universal_block_remover":3,"minecraft:bread":79,"minecraft:melon_slice":4,"minecraft:lectern":12,"minecraft:smithing_table":1,"minecraft:oak_boat":4,"minecraft:coarse_dirt":1,"minecraft:oak_trapdoor":4,"minecraft:netherite_sword":19,"minecraft:enchanting_table":1,"friendsandfoes:mauler_spawn_egg":1,"securitycraft:keypad_chest":3,"minecraft:spruce_planks":3,"minecraft:stripped_birch_wood":1,"minecraft:torch":14,"minecraft:dirt":438,"minecraft:anvil":1,"minecraft:oak_wood":8,"minecraft:wooden_axe":44,"minecraft:smooth_sandstone":4,"minecraft:bamboo":1,"tombstone:gift":13,"undead_revamp2:arapholia":1,"minecraft:iron_leggings":1,"minecraft:wheat_seeds":137,"minecraft:cooked_mutton":232,"minecraft:water_bucket":5,"minecraft:bundle":1,"born_in_chaos_v1:stimulating_decoction":1,"tombstone:scroll_of_feather_fall":1,"minecraft:crafting_table":5,"minecraft:red_bed":1,"minecraft:cod":3,"minecraft:spruce_log":3,"minecraft:cake":1,"minecraft:oak_log":1,"tombstone:bag_of_seeds":3,"minecraft:black_wool":1,"minecraft:iron_pickaxe":352,"minecraft:cobblestone":27,"minecraft:bucket":6,"minecraft:black_candle":1,"minecraft:stripped_oak_log":1},"minecraft:dropped":{"minecraft:iron_sword":1,"iceandfire:raw_silver":3,"minecraft:moss_block":5,"minecraft:lapis_lazuli":12,"minecraft:diamond":8,"minecraft:dark_oak_sapling":2,"tombstone:tablet_of_assistance":1,"farmersdelight:rice":3,"minecraft:cod":1,"born_in_chaos_v1:monster_flesh":1,"minecraft:dirt":54,"born_in_chaos_v1:monster_skin":1,"immersive_melodies:piano":1,"minecraft:snowball":16,"minecraft:jungle_sapling":6,"minecraft:gold_nugget":1,"minecraft:sand":9,"minecraft:bone":17,"minecraft:blackstone":1,"born_in_chaos_v1:fire_dust":1,"minecraft:cobbled_deepslate":1,"minecraft:wheat":9,"undead_revamp2:arapholia":1,"tombstone:gift":3,"born_in_chaos_v1:ethereal_spirit":2,"minecraft:cherry_sapling":1,"mekanism:ingot_uranium":5,"minecraft:rotten_flesh":50,"minecraft:oak_planks":53,"minecraft:cooked_mutton":390,"smarter_mobs:spider_web":1,"minecraft:carrot":12,"minecraft:gunpowder":2,"minecraft:charcoal":14,"minecraft:beetroot_seeds":6,"minecraft:melon_seeds":3,"born_in_chaos_v1:corpse_maggot":7,"minecraft:azalea":1,"minecraft:arrow":4,"iceandfire:manuscript":1,"minecraft:bread":12,"farmersdelight:tomato_seeds":3,"minecraft:iron_ingot":32,"minecraft:enchanted_book":6,"minecraft:wheat_seeds":38,"minecraft:iron_helmet":1,"minecraft:cobblestone":5,"minecraft:apple":1,"minecraft:explorer_pottery_sherd":2,"minecraft:copper_ingot":2,"minecraft:burn_pottery_sherd":1,"minecraft:coal":48,"minecraft:golden_apple":2,"minecraft:stick":10,"minecraft:gray_wool":1,"minecraft:black_candle":1,"tombstone:magic_scroll":1,"minecraft:torch":5,"tombstone:grave_key":2,"born_in_chaos_v1:fused_bone":2,"tombstone:grave_dust":7,"minecraft:iron_leggings":2,"mekanism:raw_osmium":16,"minecraft:smooth_sandstone":1,"minecraft:string":6,"minecraft:redstone":12,"iceandfire:silver_nugget":14,"minecraft:moss_carpet":5,"minecraft:sweet_berries":2,"minecraft:player_head":10,"minecraft:cocoa_beans":3,"minecraft:tuff":25,"minecraft:suspicious_sand":64,"farmersdelight:cabbage_seeds":6,"minecraft:clay_ball":32,"minecraft:iron_boots":1,"minecraft:name_tag":1,"minecraft:potato":2,"minecraft:bundle":2,"minecraft:spruce_planks":6,"minecraft:iron_chestplate":2,"minecraft:howl_pottery_sherd":1,"minecraft:oak_sapling":26,"minecraft:spider_eye":1,"minecraft:stone_pickaxe":1,"minecraft:wooden_pickaxe":2,"minecraft:magma_block":7,"minecraft:brick":2},"minecraft:killed_by":{"minecraft:zombie":1,"iceandfire:fire_dragon":1,"minecraft:husk":1,"undead_revamp2:thebeartamer":1},"minecraft:mined":{"minecraft:cherry_log":1,"minecraft:grass_block":25,"minecraft:jungle_log":19,"minecraft:spawner":1,"minecraft:magma_block":8,"minecraft:iron_ore":45,"minecraft:cobbled_deepslate":1,"minecraft:deepslate_lapis_ore":2,"minecraft:cave_vines":1,"iceandfire:gold_pile":25,"minecraft:azalea":1,"mekanism:osmium_ore":4,"minecraft:red_bed":1,"minecraft:blackstone":11,"minecraft:powder_snow":2,"iceandfire:dragon_ice_spikes":17,"minecraft:clay":7,"minecraft:calcite":7,"minecraft:cobblestone":4,"minecraft:slime_block":8,"minecraft:oak_planks":6,"minecraft:damaged_anvil":1,"minecraft:wall_torch":4,"minecraft:wheat":67,"minecraft:grass":88,"minecraft:oak_log":20,"minecraft:sand":4,"minecraft:dirt":19,"laendli_transport:alien_boss_spawn_block":1,"minecraft:oak_leaves":14,"minecraft:deepslate":166,"minecraft:deepslate_tiles":1,"minecraft:tuff":25,"iceandfire:silver_ore":2,"minecraft:potted_wither_rose":1,"minecraft:deepslate_diamond_ore":4,"mekanism:deepslate_osmium_ore":14,"minecraft:decorated_pot":1,"minecraft:spruce_leaves":4,"minecraft:moss_block":2,"born_in_chaos_v1:gnawed_bones":2,"minecraft:large_fern":3,"minecraft:hay_block":23,"minecraft:furnace":1,"minecraft:peony":2,"minecraft:gold_block":1,"minecraft:bookshelf":19,"minecraft:deepslate_iron_ore":83,"minecraft:vine":6,"minecraft:stone":92,"minecraft:smithing_table":1,"galosphere:deepslate_silver_ore":2,"minecraft:crafting_table":3,"minecraft:emerald_ore":2,"minecraft:oak_wood":2,"minecraft:tall_grass":39,"minecraft:deepslate_gold_ore":10,"minecraft:diorite":3,"minecraft:spruce_stairs":1,"minecraft:black_stained_glass":5,"minecraft:sweet_berry_bush":1,"minecraft:spruce_log":2,"minecraft:birch_leaves":2,"iceandfire:ash":9,"minecraft:coal_ore":36,"minecraft:sunflower":2,"mekanism:deepslate_uranium_ore":5,"minecraft:mossy_stone_bricks":1,"minecraft:deepslate_emerald_ore":4,"minecraft:fern":3,"paraglider:goddess_statue":2}},"DataVersion":3465}