{"stats":{"minecraft:killed_by":{"minecraft:husk":1,"minecraft:zombie":1,"iceandfire:fire_dragon":1},"minecraft:mined":{"minecraft:deepslate_tiles":1,"minecraft:tuff":25,"iceandfire:silver_ore":2,"minecraft:potted_wither_rose":1,"minecraft:deepslate_diamond_ore":4,"minecraft:cherry_log":1,"mekanism:deepslate_osmium_ore":14,"minecraft:grass_block":19,"minecraft:decorated_pot":1,"minecraft:jungle_log":19,"minecraft:moss_block":2,"born_in_chaos_v1:gnawed_bones":2,"minecraft:spawner":1,"minecraft:large_fern":1,"minecraft:hay_block":23,"minecraft:magma_block":8,"minecraft:furnace":1,"minecraft:iron_ore":45,"minecraft:deepslate_lapis_ore":2,"minecraft:peony":2,"minecraft:gold_block":1,"minecraft:vine":6,"minecraft:bookshelf":19,"minecraft:deepslate_iron_ore":77,"minecraft:cave_vines":1,"iceandfire:gold_pile":25,"minecraft:azalea":1,"minecraft:stone":92,"minecraft:smithing_table":1,"mekanism:osmium_ore":4,"minecraft:red_bed":1,"minecraft:blackstone":11,"galosphere:deepslate_silver_ore":2,"minecraft:crafting_table":3,"minecraft:clay":7,"iceandfire:dragon_ice_spikes":2,"minecraft:oak_wood":1,"minecraft:emerald_ore":1,"minecraft:calcite":7,"minecraft:tall_grass":33,"minecraft:cobblestone":4,"minecraft:deepslate_gold_ore":10,"minecraft:oak_planks":6,"minecraft:damaged_anvil":1,"minecraft:diorite":3,"minecraft:wall_torch":4,"minecraft:spruce_stairs":1,"minecraft:black_stained_glass":5,"minecraft:sweet_berry_bush":1,"minecraft:spruce_log":1,"iceandfire:ash":9,"minecraft:grass":69,"minecraft:oak_log":20,"minecraft:coal_ore":36,"minecraft:sand":4,"minecraft:dirt":8,"mekanism:deepslate_uranium_ore":5,"minecraft:mossy_stone_bricks":1,"minecraft:oak_leaves":14,"minecraft:deepslate":166,"minecraft:fern":2,"paraglider:goddess_statue":2},"minecraft:used":{"minecraft:netherite_sword":19,"minecraft:enchanting_table":1,"minecraft:chest":2,"minecraft:shield":47,"minecraft:iron_sword":442,"minecraft:player_head":7,"minecraft:torch":7,"paraglider:goddess_statue":2,"minecraft:dirt":103,"minecraft:carrot":2,"minecraft:tuff":1,"minecraft:snowball":1,"minecraft:obsidian":62,"minecraft:wooden_axe":44,"minecraft:grass_block":38,"minecraft:smooth_sandstone":4,"born_in_chaos_v1:gnawed_bones":2,"minecraft:bamboo":1,"minecraft:magma_block":14,"minecraft:hay_block":9,"minecraft:sweet_berries":29,"minecraft:furnace":3,"minecraft:oak_sapling":7,"tombstone:gift":8,"minecraft:iron_leggings":1,"minecraft:cooked_mutton":225,"minecraft:water_bucket":3,"minecraft:damaged_anvil":1,"minecraft:stone_pickaxe":265,"minecraft:oak_planks":68,"minecraft:blackstone":3,"minecraft:wooden_pickaxe":16,"minecraft:sand":1,"minecraft:crafting_table":5,"minecraft:red_bed":1,"minecraft:cod":3,"minecraft:cake":1,"tombstone:bag_of_seeds":3,"minecraft:bread":11,"minecraft:iron_pickaxe":320,"minecraft:melon_slice":4,"minecraft:cobblestone":24,"minecraft:smithing_table":1,"minecraft:bucket":4,"minecraft:coarse_dirt":1,"minecraft:stripped_oak_log":1},"minecraft:crafted":{"minecraft:cherry_planks":4,"minecraft:oak_planks":80,"minecraft:furnace":2,"mekanism:ingot_uranium":5,"minecraft:iron_boots":2,"minecraft:stone_pickaxe":2,"minecraft:chest":2,"minecraft:wheat":162,"minecraft:crafting_table":2,"minecraft:enchanting_table":1,"minecraft:iron_helmet":2,"minecraft:wooden_pickaxe":1,"minecraft:iron_sword":1,"minecraft:stone_axe":1,"minecraft:bread":54,"minecraft:air":0,"minecraft:iron_chestplate":2,"minecraft:charcoal":13,"minecraft:shield":2,"minecraft:stick":12,"minecraft:iron_ingot":182,"minecraft:iron_pickaxe":1,"minecraft:wooden_axe":1,"minecraft:iron_leggings":2},"minecraft:picked_up":{"minecraft:charcoal":7,"minecraft:crafting_table":3,"minecraft:cocoa_beans":1,"minecraft:coarse_dirt":1,"minecraft:allium":1,"minecraft:clay_ball":37,"born_in_chaos_v1:seedof_chaos":1,"mekanism:raw_uranium":5,"minecraft:smithing_table":1,"minecraft:wooden_pickaxe":1,"minecraft:gold_block":1,"minecraft:enchanted_book":6,"born_in_chaos_v1:bloody_gadfly_eye":1,"tombstone:grave_key":1,"minecraft:red_bed":1,"paraglider:goddess_statue":2,"minecraft:string":16,"minecraft:moss_carpet":2,"minecraft:explorer_pottery_sherd":1,"minecraft:blackstone":10,"bosses_of_mass_destruction:soul_star":1,"minecraft:gold_nugget":60,"minecraft:cobbled_deepslate":195,"minecraft:bucket":1,"minecraft:azalea":2,"born_in_chaos_v1:gnawed_bones":3,"minecraft:player_head":5,"minecraft:jungle_sapling":5,"minecraft:melon_slice":4,"farmersdelight:cabbage_seeds":4,"minecraft:furnace":1,"minecraft:stick":12,"minecraft:raw_iron":121,"minecraft:stone":2,"born_in_chaos_v1:shattered_skull":1,"minecraft:copper_ingot":9,"minecraft:torch":9,"immersive_melodies:tiny_drum":1,"minecraft:cherry_log":1,"tombstone:grave_dust":10,"minecraft:carrot":2,"minecraft:redstone":9,"slenderman:slender_book":1,"minecraft:arrow":17,"minecraft:rotten_flesh":57,"minecraft:beetroot_seeds":6,"minecraft:hay_block":29,"tombstone:essence_of_undeath":1,"minecraft:glow_berries":9,"undead_revamp2:arapholia":1,"minecraft:cod":4,"minecraft:snowball":24,"minecraft:cobblestone":105,"born_in_chaos_v1:fused_bone":2,"born_in_chaos_v1:corpse_maggot":10,"minecraft:magma_block":21,"farmersdelight:rice":6,"born_in_chaos_v1:monster_flesh":3,"minecraft:jungle_log":13,"minecraft:potato":2,"minecraft:tuff":26,"minecraft:oak_log":20,"undead_revamp2:huntereye":1,"minecraft:gunpowder":4,"minecraft:lapis_lazuli":12,"minecraft:dirt":120,"smarter_mobs:spider_web":1,"minecraft:lantern":1,"tombstone:gift":2,"born_in_chaos_v1:monster_skin":2,"minecraft:cooked_mutton":14,"minecraft:bone":17,"minecraft:apple":1,"minecraft:wheat_seeds":21,"minecraft:raw_gold":9,"minecraft:stone_pickaxe":1,"minecraft:iron_ingot":33,"tombstone:bag_of_seeds":2,"minecraft:bamboo":1,"minecraft:glowstone_dust":2,"minecraft:moss_block":5,"minecraft:arms_up_pottery_sherd":1,"minecraft:oak_planks":51,"minecraft:book":57,"minecraft:sweet_berries":37,"born_in_chaos_v1:ethereal_spirit":3,"minecraft:sand":10,"minecraft:spruce_log":1,"mekanism:raw_osmium":16,"minecraft:spider_eye":1,"born_in_chaos_v1:fire_dust":1,"minecraft:diamond":3,"immersive_melodies:didgeridoo":1,"minecraft:bone_meal":4,"minecraft:golden_apple":1,"minecraft:gray_wool":1,"minecraft:spruce_sign":4,"minecraft:emerald":1,"minecraft:melon_seeds":3,"tombstone:magic_scroll":1,"minecraft:oak_sapling":33,"minecraft:damaged_anvil":1,"minecraft:coal":25,"iceandfire:raw_silver":2,"iceandfire:silver_nugget":14},"minecraft:killed":{"undead_revamp2:thewolf":4,"undead_revamp2:thehunter":2,"born_in_chaos_v1:zombie_lumberjack":2,"undead_revamp2:thegliter":2,"born_in_chaos_v1:skeleton_demoman":2,"alexsmobs:tiger":2,"minecraft:spider":6,"undead_revamp2:thesmoker":2,"undead_revamp2:bomber":2,"minecraft:zombie_horse":6,"born_in_chaos_v1:zombie_bruiser":6,"born_in_chaos_v1:maggot":10,"minecraft:skeleton":22,"takesapillage:clay_golem":2,"undead_revamp2:therod":10,"undead_revamp2:thehorrors":2,"undead_revamp2:sucker":2,"born_in_chaos_v1:firelight_not_despawn":2,"minecraft:husk":8,"laendli_transport:slabcrab":2,"born_in_chaos_v1:baby_skeleton":2,"undead_revamp2:the_moonflower":2,"undead_revamp2:theheavy":4,"minecraft:creeper":2,"born_in_chaos_v1:decrepit_skeleton":6,"laendli_transport:crab":10,"born_in_chaos_v1:bloody_gadfly":4,"cataclysm:deepling_brute":2,"minecraft:zombie":32,"iceandfire:ghost":6,"born_in_chaos_v1:dread_hound":4,"born_in_chaos_v1:dark_vortex":2,"born_in_chaos_v1:corpse_fly":8,"cataclysm:deepling":2},"minecraft:dropped":{"iceandfire:raw_silver":3,"minecraft:moss_block":5,"minecraft:wheat_seeds":15,"minecraft:lapis_lazuli":12,"minecraft:cobblestone":5,"minecraft:apple":1,"minecraft:explorer_pottery_sherd":1,"minecraft:copper_ingot":2,"farmersdelight:rice":3,"minecraft:coal":7,"minecraft:golden_apple":2,"minecraft:cod":1,"minecraft:stick":8,"born_in_chaos_v1:monster_flesh":1,"minecraft:dirt":40,"minecraft:gray_wool":1,"born_in_chaos_v1:monster_skin":1,"minecraft:torch":4,"tombstone:grave_key":2,"born_in_chaos_v1:fused_bone":2,"minecraft:snowball":16,"tombstone:grave_dust":4,"minecraft:jungle_sapling":5,"minecraft:gold_nugget":1,"mekanism:raw_osmium":16,"minecraft:sand":9,"minecraft:smooth_sandstone":1,"minecraft:string":5,"minecraft:bone":9,"minecraft:redstone":12,"iceandfire:silver_nugget":14,"minecraft:sweet_berries":2,"minecraft:blackstone":1,"minecraft:player_head":9,"born_in_chaos_v1:fire_dust":1,"undead_revamp2:arapholia":1,"minecraft:cocoa_beans":3,"farmersdelight:cabbage_seeds":6,"minecraft:tuff":25,"tombstone:gift":2,"born_in_chaos_v1:ethereal_spirit":2,"mekanism:ingot_uranium":5,"minecraft:rotten_flesh":30,"minecraft:clay_ball":32,"minecraft:oak_planks":39,"minecraft:cooked_mutton":390,"smarter_mobs:spider_web":1,"minecraft:potato":2,"minecraft:gunpowder":2,"minecraft:charcoal":14,"minecraft:iron_chestplate":1,"minecraft:melon_seeds":3,"minecraft:beetroot_seeds":6,"born_in_chaos_v1:corpse_maggot":7,"minecraft:azalea":1,"minecraft:oak_sapling":23,"minecraft:spider_eye":1,"minecraft:arrow":4,"minecraft:wooden_pickaxe":2,"minecraft:stone_pickaxe":1,"minecraft:magma_block":7,"iceandfire:manuscript":1,"farmersdelight:tomato_seeds":3},"minecraft:custom":{"minecraft:interact_with_smithing_table":6,"minecraft:mob_kills":95,"minecraft:interact_with_crafting_table":55,"minecraft:open_barrel":20,"minecraft:damage_dealt_resisted":701,"minecraft:eat_cake_slice":11,"minecraft:leave_game":11,"minecraft:time_since_death":44933,"minecraft:climb_one_cm":10151,"minecraft:sprint_one_cm":855577,"minecraft:walk_one_cm":673855,"minecraft:damage_blocked_by_shield":1995,"minecraft:drop":163,"minecraft:talked_to_villager":8,"minecraft:play_time":410627,"minecraft:deaths":14,"minecraft:sneak_time":37782,"minecraft:walk_under_water_one_cm":30083,"minecraft:boat_one_cm":134111,"minecraft:jump":10568,"minecraft:walk_on_water_one_cm":24672,"minecraft:total_world_time":410627,"minecraft:interact_with_furnace":128,"spartanshields:shield_bash_hits":4,"minecraft:sleep_in_bed":17,"minecraft:time_since_rest":9973,"minecraft:damage_taken":20053,"minecraft:trigger_trapped_chest":2,"tombstone:sneak_grave":1,"minecraft:damage_dealt":20646,"minecraft:swim_one_cm":19968,"minecraft:fly_one_cm":2705821,"minecraft:open_chest":115,"minecraft:crouch_one_cm":105227,"tombstone:undead_killed":62,"minecraft:interact_with_smoker":1,"minecraft:fall_one_cm":272196},"minecraft:broken":{"minecraft:iron_boots":1,"minecraft:iron_leggings":1,"minecraft:stone_pickaxe":2,"minecraft:shield":1,"minecraft:iron_pickaxe":1,"minecraft:iron_helmet":2}},"DataVersion":3465}