{"stats":{"minecraft:killed_by":{"minecraft:husk":1,"minecraft:zombie":1,"iceandfire:fire_dragon":1},"minecraft:mined":{"minecraft:deepslate_tiles":1,"minecraft:tuff":25,"iceandfire:silver_ore":2,"minecraft:potted_wither_rose":1,"minecraft:deepslate_diamond_ore":4,"minecraft:cherry_log":1,"mekanism:deepslate_osmium_ore":14,"minecraft:grass_block":19,"minecraft:decorated_pot":1,"minecraft:jungle_log":19,"minecraft:moss_block":2,"born_in_chaos_v1:gnawed_bones":2,"minecraft:spawner":1,"minecraft:large_fern":1,"minecraft:hay_block":23,"minecraft:magma_block":8,"minecraft:furnace":1,"minecraft:iron_ore":45,"minecraft:deepslate_lapis_ore":2,"minecraft:peony":2,"minecraft:gold_block":1,"minecraft:bookshelf":19,"minecraft:cave_vines":1,"minecraft:deepslate_iron_ore":77,"iceandfire:gold_pile":25,"minecraft:vine":6,"minecraft:azalea":1,"minecraft:stone":92,"minecraft:smithing_table":1,"mekanism:osmium_ore":4,"minecraft:blackstone":11,"iceandfire:dragon_ice_spikes":2,"galosphere:deepslate_silver_ore":2,"minecraft:crafting_table":3,"minecraft:clay":7,"minecraft:oak_wood":1,"minecraft:emerald_ore":1,"minecraft:calcite":7,"minecraft:tall_grass":27,"minecraft:cobblestone":4,"minecraft:deepslate_gold_ore":10,"minecraft:oak_planks":6,"minecraft:damaged_anvil":1,"minecraft:diorite":3,"minecraft:wall_torch":4,"minecraft:spruce_stairs":1,"minecraft:black_stained_glass":5,"minecraft:sweet_berry_bush":1,"minecraft:spruce_log":1,"iceandfire:ash":9,"minecraft:grass":60,"minecraft:oak_log":7,"minecraft:coal_ore":36,"minecraft:sand":4,"minecraft:dirt":8,"mekanism:deepslate_uranium_ore":5,"minecraft:mossy_stone_bricks":1,"minecraft:oak_leaves":6,"minecraft:deepslate":166,"minecraft:fern":2,"paraglider:goddess_statue":2},"minecraft:used":{"minecraft:netherite_sword":19,"minecraft:enchanting_table":1,"minecraft:shield":47,"minecraft:iron_sword":338,"minecraft:player_head":7,"minecraft:torch":7,"paraglider:goddess_statue":2,"minecraft:dirt":83,"minecraft:carrot":2,"minecraft:tuff":1,"minecraft:snowball":1,"minecraft:obsidian":62,"minecraft:wooden_axe":44,"minecraft:grass_block":38,"minecraft:smooth_sandstone":4,"born_in_chaos_v1:gnawed_bones":2,"minecraft:bamboo":1,"minecraft:magma_block":14,"minecraft:hay_block":8,"minecraft:sweet_berries":29,"minecraft:furnace":3,"minecraft:oak_sapling":6,"tombstone:gift":4,"minecraft:iron_leggings":1,"minecraft:cooked_mutton":213,"minecraft:water_bucket":3,"minecraft:stone_pickaxe":265,"minecraft:oak_planks":68,"minecraft:blackstone":3,"minecraft:wooden_pickaxe":16,"minecraft:sand":1,"minecraft:crafting_table":5,"minecraft:cod":3,"minecraft:cake":1,"tombstone:bag_of_seeds":3,"minecraft:bread":11,"minecraft:iron_pickaxe":320,"minecraft:melon_slice":4,"minecraft:cobblestone":24,"minecraft:smithing_table":1,"minecraft:bucket":3,"minecraft:coarse_dirt":1,"minecraft:stripped_oak_log":1},"minecraft:crafted":{"minecraft:cherry_planks":4,"minecraft:oak_planks":28,"minecraft:furnace":2,"mekanism:ingot_uranium":5,"minecraft:iron_boots":2,"minecraft:stone_pickaxe":2,"minecraft:crafting_table":2,"minecraft:enchanting_table":1,"minecraft:wooden_pickaxe":1,"minecraft:iron_helmet":2,"minecraft:iron_sword":1,"minecraft:stone_axe":1,"minecraft:air":0,"minecraft:iron_chestplate":2,"minecraft:charcoal":13,"minecraft:shield":1,"minecraft:stick":12,"minecraft:iron_ingot":182,"minecraft:wooden_axe":1,"minecraft:iron_leggings":2},"minecraft:picked_up":{"minecraft:cocoa_beans":1,"minecraft:charcoal":7,"minecraft:coarse_dirt":1,"minecraft:crafting_table":3,"minecraft:allium":1,"minecraft:clay_ball":37,"mekanism:raw_uranium":5,"born_in_chaos_v1:seedof_chaos":1,"minecraft:smithing_table":1,"minecraft:wooden_pickaxe":1,"minecraft:gold_block":1,"minecraft:enchanted_book":3,"tombstone:grave_key":1,"paraglider:goddess_statue":2,"minecraft:string":16,"minecraft:moss_carpet":2,"minecraft:explorer_pottery_sherd":1,"minecraft:blackstone":10,"minecraft:gold_nugget":60,"minecraft:cobbled_deepslate":195,"minecraft:bucket":1,"minecraft:azalea":2,"minecraft:player_head":5,"born_in_chaos_v1:gnawed_bones":3,"minecraft:jungle_sapling":5,"minecraft:melon_slice":4,"farmersdelight:cabbage_seeds":4,"minecraft:furnace":1,"minecraft:raw_iron":121,"minecraft:stick":7,"minecraft:stone":2,"born_in_chaos_v1:shattered_skull":1,"minecraft:copper_ingot":9,"minecraft:torch":9,"minecraft:cherry_log":1,"tombstone:grave_dust":10,"minecraft:carrot":2,"minecraft:redstone":9,"slenderman:slender_book":1,"minecraft:arrow":7,"minecraft:rotten_flesh":52,"minecraft:beetroot_seeds":6,"minecraft:hay_block":29,"minecraft:glow_berries":9,"undead_revamp2:arapholia":1,"minecraft:cod":4,"minecraft:snowball":24,"minecraft:cobblestone":105,"born_in_chaos_v1:fused_bone":2,"born_in_chaos_v1:corpse_maggot":7,"minecraft:magma_block":21,"farmersdelight:rice":3,"born_in_chaos_v1:monster_flesh":3,"minecraft:jungle_log":13,"minecraft:tuff":26,"minecraft:oak_log":7,"undead_revamp2:huntereye":1,"minecraft:gunpowder":4,"smarter_mobs:spider_web":1,"minecraft:lapis_lazuli":12,"minecraft:dirt":100,"minecraft:lantern":1,"tombstone:gift":2,"born_in_chaos_v1:monster_skin":2,"minecraft:cooked_mutton":14,"minecraft:bone":11,"minecraft:wheat_seeds":16,"minecraft:raw_gold":9,"minecraft:iron_ingot":33,"minecraft:stone_pickaxe":1,"tombstone:bag_of_seeds":2,"minecraft:bamboo":1,"minecraft:glowstone_dust":2,"minecraft:moss_block":5,"minecraft:arms_up_pottery_sherd":1,"minecraft:oak_planks":37,"minecraft:book":57,"minecraft:sweet_berries":35,"born_in_chaos_v1:ethereal_spirit":2,"minecraft:sand":10,"minecraft:spruce_log":1,"mekanism:raw_osmium":16,"minecraft:spider_eye":1,"born_in_chaos_v1:fire_dust":1,"minecraft:diamond":3,"minecraft:bone_meal":4,"minecraft:golden_apple":1,"minecraft:gray_wool":1,"minecraft:melon_seeds":3,"minecraft:spruce_sign":4,"minecraft:emerald":1,"tombstone:magic_scroll":1,"minecraft:oak_sapling":29,"minecraft:damaged_anvil":1,"iceandfire:raw_silver":2,"iceandfire:silver_nugget":14,"minecraft:coal":25},"minecraft:killed":{"undead_revamp2:thewolf":4,"undead_revamp2:thehunter":2,"born_in_chaos_v1:zombie_lumberjack":2,"undead_revamp2:thegliter":2,"born_in_chaos_v1:skeleton_demoman":2,"alexsmobs:tiger":2,"minecraft:spider":6,"undead_revamp2:thesmoker":2,"undead_revamp2:bomber":2,"minecraft:zombie_horse":6,"born_in_chaos_v1:zombie_bruiser":4,"born_in_chaos_v1:maggot":2,"minecraft:skeleton":8,"takesapillage:clay_golem":2,"undead_revamp2:therod":10,"undead_revamp2:thehorrors":2,"undead_revamp2:sucker":2,"born_in_chaos_v1:firelight_not_despawn":2,"minecraft:husk":8,"laendli_transport:slabcrab":2,"born_in_chaos_v1:baby_skeleton":2,"undead_revamp2:the_moonflower":2,"undead_revamp2:theheavy":2,"minecraft:creeper":2,"born_in_chaos_v1:decrepit_skeleton":4,"laendli_transport:crab":10,"born_in_chaos_v1:bloody_gadfly":2,"cataclysm:deepling_brute":2,"minecraft:zombie":24,"iceandfire:ghost":6,"born_in_chaos_v1:dread_hound":4,"born_in_chaos_v1:corpse_fly":8,"cataclysm:deepling":2},"minecraft:dropped":{"iceandfire:raw_silver":3,"minecraft:moss_block":5,"minecraft:wheat_seeds":15,"minecraft:lapis_lazuli":12,"minecraft:cobblestone":5,"minecraft:explorer_pottery_sherd":1,"minecraft:copper_ingot":2,"minecraft:coal":7,"minecraft:golden_apple":2,"minecraft:cod":1,"minecraft:stick":8,"born_in_chaos_v1:monster_flesh":1,"minecraft:dirt":40,"minecraft:gray_wool":1,"born_in_chaos_v1:monster_skin":1,"minecraft:torch":4,"tombstone:grave_key":2,"born_in_chaos_v1:fused_bone":2,"minecraft:snowball":16,"tombstone:grave_dust":4,"minecraft:jungle_sapling":5,"minecraft:gold_nugget":1,"mekanism:raw_osmium":16,"minecraft:sand":9,"minecraft:smooth_sandstone":1,"minecraft:string":5,"minecraft:bone":9,"minecraft:redstone":12,"iceandfire:silver_nugget":14,"minecraft:blackstone":1,"minecraft:player_head":9,"born_in_chaos_v1:fire_dust":1,"minecraft:cocoa_beans":3,"undead_revamp2:arapholia":1,"farmersdelight:cabbage_seeds":6,"minecraft:tuff":25,"tombstone:gift":2,"born_in_chaos_v1:ethereal_spirit":2,"mekanism:ingot_uranium":5,"minecraft:rotten_flesh":30,"minecraft:clay_ball":32,"minecraft:oak_planks":25,"minecraft:cooked_mutton":390,"smarter_mobs:spider_web":1,"minecraft:gunpowder":2,"minecraft:charcoal":14,"minecraft:iron_chestplate":1,"minecraft:beetroot_seeds":6,"minecraft:melon_seeds":3,"born_in_chaos_v1:corpse_maggot":7,"minecraft:azalea":1,"minecraft:oak_sapling":23,"minecraft:spider_eye":1,"minecraft:arrow":4,"minecraft:wooden_pickaxe":2,"minecraft:stone_pickaxe":1,"minecraft:magma_block":7,"iceandfire:manuscript":1,"farmersdelight:tomato_seeds":3},"minecraft:custom":{"minecraft:interact_with_smithing_table":4,"minecraft:mob_kills":75,"minecraft:interact_with_crafting_table":47,"minecraft:open_barrel":20,"minecraft:damage_dealt_resisted":128,"minecraft:eat_cake_slice":11,"minecraft:leave_game":11,"minecraft:time_since_death":9216,"minecraft:climb_one_cm":9506,"minecraft:sprint_one_cm":738902,"minecraft:walk_one_cm":612818,"minecraft:damage_blocked_by_shield":1995,"minecraft:drop":156,"minecraft:talked_to_villager":7,"minecraft:play_time":374910,"minecraft:deaths":14,"minecraft:sneak_time":35969,"minecraft:walk_under_water_one_cm":30083,"minecraft:boat_one_cm":134111,"minecraft:jump":9339,"minecraft:walk_on_water_one_cm":23787,"minecraft:total_world_time":374910,"minecraft:interact_with_furnace":128,"spartanshields:shield_bash_hits":4,"minecraft:sleep_in_bed":15,"minecraft:time_since_rest":8826,"minecraft:damage_taken":19616,"minecraft:trigger_trapped_chest":2,"tombstone:sneak_grave":1,"minecraft:damage_dealt":16429,"minecraft:swim_one_cm":19968,"minecraft:fly_one_cm":2399148,"minecraft:open_chest":94,"minecraft:crouch_one_cm":101481,"tombstone:undead_killed":48,"minecraft:interact_with_smoker":1,"minecraft:fall_one_cm":248346},"minecraft:broken":{"minecraft:iron_boots":1,"minecraft:iron_leggings":1,"minecraft:stone_pickaxe":2,"minecraft:shield":1,"minecraft:iron_pickaxe":1,"minecraft:iron_helmet":2}},"DataVersion":3465}