{"stats":{"minecraft:killed_by":{"minecraft:zombie":1,"iceandfire:fire_dragon":1,"minecraft:husk":1,"undead_revamp2:thebeartamer":1},"minecraft:mined":{"minecraft:cherry_log":1,"minecraft:grass_block":24,"minecraft:jungle_log":19,"minecraft:spawner":1,"minecraft:magma_block":8,"minecraft:iron_ore":45,"minecraft:cobbled_deepslate":1,"minecraft:deepslate_lapis_ore":2,"minecraft:cave_vines":1,"iceandfire:gold_pile":25,"minecraft:azalea":1,"mekanism:osmium_ore":4,"minecraft:red_bed":1,"minecraft:blackstone":11,"minecraft:powder_snow":2,"iceandfire:dragon_ice_spikes":17,"minecraft:clay":7,"minecraft:calcite":7,"minecraft:cobblestone":4,"minecraft:damaged_anvil":1,"minecraft:oak_planks":6,"minecraft:wall_torch":4,"minecraft:grass":74,"minecraft:oak_log":20,"minecraft:sand":4,"minecraft:dirt":18,"minecraft:oak_leaves":14,"minecraft:deepslate":166,"minecraft:deepslate_tiles":1,"minecraft:tuff":25,"iceandfire:silver_ore":2,"minecraft:potted_wither_rose":1,"minecraft:deepslate_diamond_ore":4,"mekanism:deepslate_osmium_ore":14,"minecraft:decorated_pot":1,"minecraft:moss_block":2,"born_in_chaos_v1:gnawed_bones":2,"minecraft:large_fern":3,"minecraft:hay_block":23,"minecraft:furnace":1,"minecraft:peony":2,"minecraft:gold_block":1,"minecraft:bookshelf":19,"minecraft:deepslate_iron_ore":83,"minecraft:vine":6,"minecraft:stone":92,"minecraft:smithing_table":1,"galosphere:deepslate_silver_ore":2,"minecraft:crafting_table":3,"minecraft:emerald_ore":2,"minecraft:oak_wood":1,"minecraft:tall_grass":34,"minecraft:deepslate_gold_ore":10,"minecraft:diorite":3,"minecraft:spruce_stairs":1,"minecraft:black_stained_glass":5,"minecraft:sweet_berry_bush":1,"minecraft:spruce_log":1,"minecraft:birch_leaves":2,"iceandfire:ash":9,"minecraft:coal_ore":36,"mekanism:deepslate_uranium_ore":5,"minecraft:mossy_stone_bricks":1,"minecraft:deepslate_emerald_ore":4,"minecraft:fern":3,"paraglider:goddess_statue":2},"minecraft:used":{"minecraft:chest":2,"minecraft:shield":54,"minecraft:iron_sword":530,"minecraft:player_head":8,"paraglider:goddess_statue":2,"minecraft:carrot":2,"minecraft:tuff":1,"minecraft:snowball":1,"minecraft:obsidian":62,"minecraft:lava_bucket":1,"minecraft:grass_block":38,"born_in_chaos_v1:gnawed_bones":2,"minecraft:magma_block":14,"minecraft:hay_block":9,"minecraft:sweet_berries":29,"minecraft:oak_sapling":7,"minecraft:furnace":3,"minecraft:damaged_anvil":1,"minecraft:stone_pickaxe":265,"minecraft:oak_planks":68,"minecraft:blackstone":3,"minecraft:wooden_pickaxe":16,"minecraft:sand":1,"minecraft:melon_slice":4,"minecraft:bread":35,"minecraft:lectern":1,"minecraft:smithing_table":1,"minecraft:coarse_dirt":1,"minecraft:netherite_sword":19,"minecraft:enchanting_table":1,"minecraft:stripped_birch_wood":1,"minecraft:torch":7,"minecraft:dirt":216,"minecraft:anvil":1,"minecraft:wooden_axe":44,"minecraft:smooth_sandstone":4,"minecraft:bamboo":1,"tombstone:gift":8,"undead_revamp2:arapholia":1,"minecraft:iron_leggings":1,"minecraft:cooked_mutton":232,"minecraft:water_bucket":5,"tombstone:scroll_of_feather_fall":1,"minecraft:crafting_table":5,"minecraft:red_bed":1,"minecraft:cod":3,"minecraft:cake":1,"tombstone:bag_of_seeds":3,"minecraft:black_wool":1,"minecraft:iron_pickaxe":349,"minecraft:cobblestone":24,"minecraft:bucket":6,"minecraft:stripped_oak_log":1},"minecraft:crafted":{"minecraft:oak_planks":80,"minecraft:iron_boots":2,"minecraft:chest":2,"minecraft:crafting_table":2,"minecraft:wooden_pickaxe":1,"minecraft:iron_helmet":2,"minecraft:iron_chestplate":2,"minecraft:charcoal":13,"minecraft:shield":2,"minecraft:stick":12,"minecraft:iron_ingot":182,"minecraft:iron_pickaxe":1,"minecraft:cherry_planks":4,"minecraft:furnace":2,"mekanism:ingot_uranium":5,"minecraft:stone_pickaxe":2,"minecraft:wheat":162,"minecraft:enchanting_table":1,"minecraft:iron_sword":1,"minecraft:stone_axe":1,"minecraft:bread":56,"minecraft:air":0,"minecraft:wooden_axe":1,"minecraft:iron_leggings":2},"minecraft:picked_up":{"mekanism:raw_uranium":5,"minecraft:smithing_table":1,"minecraft:turtle_egg":1,"minecraft:enchanted_book":7,"tombstone:grave_key":1,"born_in_chaos_v1:bloody_gadfly_eye":1,"paraglider:goddess_statue":2,"minecraft:string":17,"minecraft:explorer_pottery_sherd":1,"minecraft:gold_nugget":60,"minecraft:cobbled_deepslate":196,"bosses_of_mass_destruction:soul_star":1,"minecraft:bucket":1,"minecraft:azalea":2,"minecraft:melon_slice":4,"farmersdelight:cabbage_seeds":4,"minecraft:furnace":1,"minecraft:stick":12,"born_in_chaos_v1:shattered_skull":1,"minecraft:torch":9,"minecraft:cherry_log":1,"iceandfire:rotten_egg":1,"tombstone:grave_dust":13,"minecraft:rotten_flesh":69,"minecraft:bookshelf":2,"minecraft:snowball":24,"minecraft:cod":4,"undead_revamp2:arapholia":2,"minecraft:cobblestone":105,"minecraft:magma_block":21,"farmersdelight:rice":6,"minecraft:jungle_log":13,"minecraft:potato":2,"minecraft:tuff":26,"undead_revamp2:huntereye":1,"minecraft:dirt":136,"minecraft:lapis_lazuli":12,"smarter_mobs:spider_web":1,"minecraft:lantern":1,"born_in_chaos_v1:monster_skin":2,"minecraft:bone":28,"minecraft:wheat_seeds":89,"minecraft:raw_gold":9,"minecraft:glowstone_dust":2,"minecraft:bamboo":1,"minecraft:moss_block":5,"minecraft:oak_planks":52,"minecraft:sand":10,"minecraft:bundle":2,"born_in_chaos_v1:fire_dust":1,"minecraft:diamond":7,"minecraft:writable_book":1,"minecraft:bone_meal":4,"minecraft:golden_apple":1,"minecraft:spruce_sign":4,"minecraft:emerald":6,"minecraft:oak_sapling":33,"iceandfire:silver_nugget":76,"iceandfire:raw_silver":2,"minecraft:coarse_dirt":1,"minecraft:cocoa_beans":1,"minecraft:charcoal":7,"minecraft:crafting_table":3,"minecraft:allium":1,"minecraft:clay_ball":37,"born_in_chaos_v1:seedof_chaos":1,"minecraft:wooden_pickaxe":1,"minecraft:gold_block":1,"minecraft:red_bed":1,"minecraft:moss_carpet":2,"minecraft:blackstone":10,"minecraft:candle":1,"born_in_chaos_v1:gnawed_bones":3,"minecraft:player_head":5,"minecraft:jungle_sapling":5,"minecraft:dark_oak_sapling":2,"minecraft:raw_iron":142,"minecraft:stone":2,"minecraft:copper_ingot":9,"immersive_melodies:tiny_drum":1,"minecraft:carrot":2,"minecraft:redstone":9,"slenderman:slender_book":1,"minecraft:arrow":26,"minecraft:decorated_pot":1,"minecraft:beetroot_seeds":6,"minecraft:hay_block":29,"tombstone:essence_of_undeath":1,"minecraft:glow_berries":9,"minecraft:mutton":1,"born_in_chaos_v1:fused_bone":2,"born_in_chaos_v1:corpse_maggot":12,"born_in_chaos_v1:monster_flesh":3,"minecraft:oak_log":20,"minecraft:gunpowder":4,"minecraft:paper":1,"tombstone:gift":2,"minecraft:cooked_mutton":14,"minecraft:apple":1,"minecraft:iron_ingot":34,"minecraft:stone_pickaxe":1,"tombstone:bag_of_seeds":2,"minecraft:arms_up_pottery_sherd":1,"minecraft:book":57,"minecraft:sweet_berries":37,"born_in_chaos_v1:ethereal_spirit":3,"minecraft:spruce_log":1,"minecraft:spider_eye":1,"mekanism:raw_osmium":16,"minecraft:painting":1,"immersive_melodies:didgeridoo":1,"minecraft:gray_wool":1,"tombstone:magic_scroll":2,"minecraft:black_wool":1,"minecraft:damaged_anvil":1,"minecraft:melon_seeds":3,"minecraft:coal":25},"minecraft:killed":{"undead_revamp2:thewolf":4,"born_in_chaos_v1:zombie_lumberjack":2,"born_in_chaos_v1:skeleton_demoman":2,"minecraft:spider":8,"undead_revamp2:thesmoker":2,"minecraft:zombie_horse":6,"minecraft:skeleton":42,"undead_revamp2:therod":10,"born_in_chaos_v1:firelight_not_despawn":2,"undead_revamp2:theheavy":4,"minecraft:creeper":2,"laendli_transport:crab":10,"cataclysm:deepling_brute":2,"minecraft:zombie":42,"born_in_chaos_v1:dread_hound":4,"born_in_chaos_v1:corpse_fly":8,"cataclysm:deepling":2,"minecraft:stray":2,"minecraft:vex":2,"undead_revamp2:thehunter":2,"undead_revamp2:thegliter":2,"alexsmobs:tiger":2,"undead_revamp2:bomber":2,"born_in_chaos_v1:zombie_bruiser":6,"born_in_chaos_v1:maggot":18,"takesapillage:clay_golem":2,"undead_revamp2:thehorrors":2,"undead_revamp2:sucker":2,"born_in_chaos_v1:barrel_zombie":2,"minecraft:husk":8,"laendli_transport:slabcrab":2,"born_in_chaos_v1:baby_skeleton":2,"undead_revamp2:the_moonflower":6,"born_in_chaos_v1:decrepit_skeleton":6,"born_in_chaos_v1:bloody_gadfly":4,"iceandfire:ghost":6,"born_in_chaos_v1:dark_vortex":2},"minecraft:custom":{"minecraft:interact_with_crafting_table":58,"minecraft:open_barrel":26,"minecraft:eat_cake_slice":11,"minecraft:leave_game":13,"minecraft:time_since_death":22827,"minecraft:sprint_one_cm":1323333,"minecraft:damage_blocked_by_shield":2325,"minecraft:drop":185,"minecraft:talked_to_villager":13,"minecraft:play_time":557830,"minecraft:deaths":15,"minecraft:jump":16728,"minecraft:walk_on_water_one_cm":27304,"minecraft:interact_with_furnace":132,"minecraft:sleep_in_bed":17,"tombstone:sneak_grave":2,"minecraft:damage_dealt":23984,"minecraft:crouch_one_cm":124899,"tombstone:undead_killed":81,"minecraft:interact_with_smoker":1,"minecraft:interact_with_smithing_table":6,"minecraft:mob_kills":120,"minecraft:interact_with_anvil":4,"minecraft:damage_dealt_resisted":767,"minecraft:climb_one_cm":12216,"minecraft:walk_one_cm":839187,"minecraft:sneak_time":45838,"minecraft:walk_under_water_one_cm":38134,"minecraft:boat_one_cm":134111,"minecraft:total_world_time":557830,"spartanshields:shield_bash_hits":5,"minecraft:time_since_rest":22015,"minecraft:damage_taken":21225,"minecraft:trigger_trapped_chest":2,"minecraft:swim_one_cm":20352,"minecraft:fly_one_cm":4566539,"minecraft:open_chest":208,"minecraft:fall_one_cm":362443},"minecraft:dropped":{"iceandfire:raw_silver":3,"minecraft:moss_block":5,"minecraft:lapis_lazuli":12,"minecraft:diamond":2,"minecraft:dark_oak_sapling":2,"farmersdelight:rice":3,"minecraft:cod":1,"born_in_chaos_v1:monster_flesh":1,"minecraft:dirt":52,"born_in_chaos_v1:monster_skin":1,"minecraft:snowball":16,"minecraft:jungle_sapling":5,"minecraft:gold_nugget":1,"minecraft:sand":9,"minecraft:bone":9,"minecraft:blackstone":1,"born_in_chaos_v1:fire_dust":1,"minecraft:cobbled_deepslate":1,"born_in_chaos_v1:ethereal_spirit":2,"undead_revamp2:arapholia":1,"tombstone:gift":2,"mekanism:ingot_uranium":5,"minecraft:rotten_flesh":30,"minecraft:oak_planks":39,"minecraft:cooked_mutton":390,"smarter_mobs:spider_web":1,"minecraft:gunpowder":2,"minecraft:charcoal":14,"minecraft:beetroot_seeds":6,"minecraft:melon_seeds":3,"born_in_chaos_v1:corpse_maggot":7,"minecraft:azalea":1,"minecraft:arrow":4,"iceandfire:manuscript":1,"minecraft:bread":5,"farmersdelight:tomato_seeds":3,"minecraft:wheat_seeds":38,"minecraft:cobblestone":5,"minecraft:apple":1,"minecraft:explorer_pottery_sherd":1,"minecraft:copper_ingot":2,"minecraft:coal":48,"minecraft:golden_apple":2,"minecraft:stick":8,"minecraft:gray_wool":1,"minecraft:torch":4,"tombstone:grave_key":2,"born_in_chaos_v1:fused_bone":2,"tombstone:grave_dust":5,"mekanism:raw_osmium":16,"minecraft:string":6,"minecraft:smooth_sandstone":1,"minecraft:redstone":12,"iceandfire:silver_nugget":14,"minecraft:sweet_berries":2,"minecraft:player_head":10,"minecraft:cocoa_beans":3,"minecraft:tuff":25,"farmersdelight:cabbage_seeds":6,"minecraft:clay_ball":32,"minecraft:name_tag":1,"minecraft:potato":2,"minecraft:bundle":1,"minecraft:iron_chestplate":1,"minecraft:oak_sapling":26,"minecraft:spider_eye":1,"minecraft:stone_pickaxe":1,"minecraft:wooden_pickaxe":2,"minecraft:magma_block":7},"minecraft:broken":{"minecraft:iron_boots":1,"minecraft:iron_leggings":1,"minecraft:stone_pickaxe":2,"minecraft:shield":1,"minecraft:iron_pickaxe":1,"minecraft:iron_helmet":2}},"DataVersion":3465}