{"stats":{"minecraft:killed_by":{"undead_revamp2:thewolf":1,"minecraft:iron_golem":1,"minecraft:bee":1,"minecraft:skeleton":1},"minecraft:mined":{"minecraft:dark_oak_planks":5,"minecraft:large_amethyst_bud":1,"minecraft:oak_sapling":3,"minecraft:spruce_planks":20,"minecraft:cherry_log":52,"minecraft:jungle_leaves":4,"minecraft:granite":2,"minecraft:grass_block":582,"bushierflowers:grown_dandelion":1,"minecraft:tall_seagrass":2,"minecraft:fire":1,"minecraft:cobbled_deepslate":15,"minecraft:anvil":1,"minecraft:dark_oak_stairs":3,"minecraft:small_amethyst_bud":1,"minecraft:oak_stairs":14,"minecraft:player_head":10,"minecraft:red_bed":1,"minecraft:blackstone":35,"minecraft:player_wall_head":1,"minecraft:smoker":1,"minecraft:amethyst_cluster":1,"minecraft:clay":170,"minecraft:torch":3,"minecraft:blast_furnace":2,"minecraft:calcite":9,"iceandfire:ghost_chest":1,"minecraft:glass":1,"minecraft:cobblestone":1,"minecraft:cyan_bed":3,"minecraft:sugar_cane":6,"minecraft:oak_planks":218,"minecraft:bricks":4,"minecraft:wall_torch":2,"minecraft:amethyst_block":11,"minecraft:seagrass":1,"minecraft:jungle_wood":1,"minecraft:birch_log":13,"minecraft:jukebox":1,"minecraft:grass":172,"minecraft:oak_log":182,"minecraft:oak_fence_gate":11,"minecraft:sand":1,"minecraft:dirt":300,"minecraft:smooth_basalt":4,"minecraft:stonecutter":1,"minecraft:oak_leaves":46,"minecraft:deepslate":220,"minecraft:tuff":97,"minecraft:deepslate_diamond_ore":38,"minecraft:brick_stairs":1,"minecraft:spruce_leaves":84,"minecraft:moss_block":2,"minecraft:sandstone":9,"minecraft:hay_block":1,"minecraft:furnace":1,"minecraft:stripped_spruce_log":1,"minecraft:bookshelf":1,"minecraft:deepslate_iron_ore":59,"minecraft:rail":5,"minecraft:stone":74,"minecraft:bone_block":1,"minecraft:smithing_table":1,"minecraft:oak_slab":4,"minecraft:acacia_leaves":1,"minecraft:spruce_door":1,"minecraft:oak_fence":42,"minecraft:crafting_table":6,"minecraft:lectern":1,"minecraft:tall_grass":82,"minecraft:deepslate_coal_ore":16,"minecraft:deepslate_gold_ore":12,"minecraft:spruce_stairs":2,"minecraft:brick_slab":16,"minecraft:sweet_berry_bush":57,"minecraft:spruce_log":148,"minecraft:birch_leaves":48,"minecraft:coal_ore":3,"minecraft:cyan_carpet":3,"minecraft:sunflower":9,"minecraft:gravel":5,"mekanism:deepslate_uranium_ore":1,"minecraft:terracotta":13,"minecraft:birch_fence":1,"minecraft:fern":1,"paraglider:goddess_statue":1},"minecraft:used":{"minecraft:iron_shovel":326,"minecraft:chest":5,"minecraft:iron_sword":469,"minecraft:player_head":35,"minecraft:rotten_flesh":7,"paraglider:goddess_statue":1,"minecraft:brick_slab":399,"minecraft:tuff":72,"minecraft:music_disc_13":1,"minecraft:glass":38,"born_in_chaos_v1:corpse_maggot":10,"minecraft:bricks":49,"minecraft:lantern":1,"minecraft:music_disc_ward":2,"minecraft:iron_helmet":2,"luckys_armory:heavy_iron_armor_chestplate":1,"minecraft:sweet_berries":437,"minecraft:furnace":2,"minecraft:oak_sapling":71,"minecraft:egg":1,"minecraft:dark_oak_stairs":3,"minecraft:spruce_door":4,"minecraft:stone_pickaxe":132,"minecraft:oak_planks":1413,"minecraft:wooden_pickaxe":9,"minecraft:blast_furnace":3,"minecraft:birch_fence":1,"born_in_chaos_v1:monster_flesh":1,"minecraft:cyan_bed":3,"born_in_chaos_v1:rotten_fish":1,"minecraft:smithing_table":1,"minecraft:andesite":1,"minecraft:chain":2,"minecraft:oak_boat":3,"minecraft:oak_fence":116,"minecraft:stone_shovel":130,"minecraft:spruce_planks":443,"minecraft:wooden_shovel":63,"minecraft:torch":4,"minecraft:dirt":421,"minecraft:anvil":1,"minecraft:spruce_stairs":5,"minecraft:oak_fence_gate":43,"minecraft:dark_oak_planks":1,"minecraft:iron_axe":777,"minecraft:oak_stairs":105,"minecraft:brick_stairs":1,"alexsmobs:ghostly_pickaxe":29,"undead_revamp2:huntereye":1,"luckys_armory:heavy_iron_armor_boots":1,"tombstone:gift":3,"minecraft:cobbled_deepslate":130,"born_in_chaos_v1:trident_hayfork":181,"minecraft:cooked_mutton":140,"luckys_armory:heavy_iron_armor_helmet":1,"minecraft:stonecutter":2,"minecraft:jungle_wood":1,"minecraft:music_disc_cat":5,"minecraft:oak_slab":39,"minecraft:crafting_table":13,"minecraft:red_bed":1,"minecraft:spruce_log":7,"minecraft:smoker":1,"minecraft:oak_log":3,"minecraft:sunflower":1,"tombstone:tablet_of_assistance":12,"minecraft:iron_pickaxe":497,"minecraft:spruce_trapdoor":12,"minecraft:spruce_sapling":54,"minecraft:stone_axe":37,"minecraft:cobblestone":4,"alexsmobs:animal_dictionary":1,"minecraft:jukebox":1},"minecraft:picked_up":{"minecraft:iron_chestplate":1,"minecraft:birch_door":1,"minecraft:wheat":6,"minecraft:anvil":1,"mekanism:raw_uranium":1,"minecraft:smithing_table":1,"minecraft:oak_stairs":14,"minecraft:turtle_egg":1,"born_in_chaos_v1:bloody_gadfly_eye":2,"minecraft:amethyst_block":11,"minecraft:music_disc_cat":5,"paraglider:goddess_statue":1,"minecraft:string":11,"minecraft:sea_pickle":1,"minecraft:gold_nugget":63,"minecraft:cobbled_deepslate":218,"minecraft:spruce_planks":20,"minecraft:calcite":6,"minecraft:furnace":1,"minecraft:stick":110,"luckys_armory:heavy_iron_armor_leggings":1,"minecraft:jukebox":1,"minecraft:oak_fence":42,"minecraft:torch":5,"minecraft:acacia_log":3,"minecraft:spruce_stairs":2,"luckys_armory:heavy_iron_armor_helmet":1,"minecraft:cherry_log":52,"tombstone:grave_dust":10,"minecraft:rotten_flesh":78,"minecraft:tropical_fish":2,"minecraft:music_disc_ward":3,"minecraft:obsidian":24,"minecraft:cod":2,"minecraft:cobblestone":76,"minecraft:birch_log":13,"born_in_chaos_v1:spiritual_dust":2,"minecraft:andesite":1,"minecraft:jungle_wood":1,"minecraft:smoker":1,"paraglider:spirit_orb":2,"minecraft:tuff":116,"undead_revamp2:huntereye":1,"minecraft:dirt":988,"smarter_mobs:spider_web":1,"minecraft:name_tag":1,"born_in_chaos_v1:monster_skin":1,"minecraft:bone":3,"undead_revamp2:blacpetalblock":1,"minecraft:stonecutter":1,"minecraft:bow":1,"minecraft:wheat_seeds":145,"minecraft:raw_gold":12,"minecraft:oak_planks":222,"minecraft:pitcher_pod":9,"minecraft:music_disc_13":2,"minecraft:sand":20,"minecraft:stripped_spruce_log":1,"minecraft:cyan_bed":3,"undead_revamp2:heavytooth":2,"minecraft:bundle":1,"born_in_chaos_v1:fire_dust":1,"minecraft:diamond":37,"minecraft:bone_meal":8,"minecraft:bread":6,"minecraft:oak_sapling":83,"born_in_chaos_v1:rotten_fish":13,"minecraft:bricks":4,"minecraft:crafting_table":6,"minecraft:allium":1,"minecraft:clay_ball":709,"minecraft:chain":2,"enderio:broken_spawner":2,"minecraft:brick":2,"minecraft:red_bed":1,"minecraft:iron_shovel":1,"mekanism:ingot_uranium":5,"minecraft:birch_fence":1,"minecraft:cyan_carpet":3,"minecraft:blackstone":35,"minecraft:beef":1,"minecraft:oak_boat":2,"minecraft:player_head":13,"minecraft:poppy":2,"minecraft:lectern":1,"tombstone:tablet_of_assistance":1,"minecraft:sugar_cane":15,"minecraft:birch_sapling":6,"minecraft:egg":2,"minecraft:raw_iron":59,"born_in_chaos_v1:pieceofdarkmetal":4,"minecraft:dark_oak_planks":5,"minecraft:arrow":12,"minecraft:peony":1,"minecraft:hay_block":2,"undead_revamp2:the_somnolenceextract":1,"minecraft:gold_ingot":2,"minecraft:brick_stairs":1,"alexsmobs:ghostly_pickaxe":1,"born_in_chaos_v1:trident_hayfork":2,"minecraft:glow_berries":4,"minecraft:rail":4,"born_in_chaos_v1:corpse_maggot":21,"born_in_chaos_v1:monster_flesh":2,"minecraft:oak_log":182,"minecraft:gunpowder":3,"minecraft:cooked_mutton":201,"minecraft:apple":7,"minecraft:kelp":3,"minecraft:iron_ingot":29,"minecraft:oak_fence_gate":11,"minecraft:dark_oak_stairs":3,"minecraft:book":3,"minecraft:oak_slab":6,"minecraft:smooth_basalt":20,"minecraft:sweet_berries":465,"born_in_chaos_v1:ethereal_spirit":2,"minecraft:dandelion":2,"minecraft:gravel":5,"born_in_chaos_v1:dark_rod":2,"minecraft:amethyst_shard":4,"minecraft:spruce_sapling":59,"minecraft:blast_furnace":2,"minecraft:spruce_log":148,"minecraft:spruce_door":1,"minecraft:brick_slab":19,"minecraft:oak_wood":1,"minecraft:slime_ball":1,"minecraft:cherry_sapling":37,"minecraft:oak_button":1,"minecraft:terracotta":6,"tombstone:magic_scroll":2,"minecraft:coal":78,"minecraft:sunflower":13},"minecraft:crafted":{"minecraft:brick":940,"minecraft:smooth_stone":3,"minecraft:oak_planks":1996,"minecraft:chain":1,"minecraft:stone":6,"luckys_armory:heavy_iron_armor_boots":1,"minecraft:glass":38,"minecraft:iron_boots":1,"minecraft:chest":5,"minecraft:bricks":251,"minecraft:oak_fence":102,"minecraft:oak_slab":42,"minecraft:wooden_shovel":1,"minecraft:crafting_table":7,"minecraft:spruce_planks":572,"minecraft:iron_helmet":2,"minecraft:wooden_pickaxe":1,"minecraft:baked_potato":1,"minecraft:spruce_door":3,"minecraft:birch_planks":52,"luckys_armory:heavy_iron_armor_chestplate":1,"luckys_armory:heavy_iron_armor_helmet":1,"minecraft:spruce_trapdoor":12,"minecraft:iron_chestplate":1,"minecraft:birch_fence":39,"minecraft:stick":252,"minecraft:iron_ingot":61,"minecraft:iron_pickaxe":2,"minecraft:gold_ingot":12,"minecraft:cherry_planks":208,"minecraft:stone_shovel":1,"luckys_armory:heavy_iron_armor_leggings":1,"minecraft:iron_nugget":18,"minecraft:blast_furnace":1,"minecraft:furnace":2,"minecraft:lantern":1,"minecraft:spruce_stairs":4,"minecraft:iron_axe":4,"minecraft:stone_pickaxe":1,"minecraft:brick_slab":112,"minecraft:iron_sword":1,"minecraft:stone_axe":1,"minecraft:air":0,"minecraft:oak_fence_gate":34,"minecraft:oak_boat":1,"minecraft:oak_stairs":92,"minecraft:iron_shovel":2,"minecraft:iron_leggings":1,"minecraft:stonecutter":1,"minecraft:acacia_planks":12},"minecraft:killed":{"undead_revamp2:thewolf":4,"born_in_chaos_v1:restless_spirit":2,"minecraft:spider":8,"undead_revamp2:thesmoker":8,"born_in_chaos_v1:siamese_skeletonsright":2,"born_in_chaos_v1:baby_skeleton_minion":2,"undead_revamp2:theswarmer":2,"born_in_chaos_v1:scarlet_persecutor":6,"creeperoverhaul:bamboo_creeper":2,"minecraft:skeleton":20,"born_in_chaos_v1:firelight_not_despawn":2,"minecraft:iron_golem":2,"undead_revamp2:thebeartamer":6,"minecraft:creeper":6,"minecraft:zombie":16,"born_in_chaos_v1:dread_hound":4,"born_in_chaos_v1:corpse_fly":6,"born_in_chaos_v1:siamese_skeletonsleft":2,"undead_revamp2:thegliter":2,"alexsmobs:tiger":2,"born_in_chaos_v1:zombie_bruiser":2,"born_in_chaos_v1:maggot":26,"takesapillage:clay_golem":2,"minecraft:drowned":2,"alexsmobs:underminer":2,"born_in_chaos_v1:corpse_fish":48,"undead_revamp2:thehorrors":2,"undead_revamp2:sucker":8,"born_in_chaos_v1:barrel_zombie":2,"minecraft:husk":54,"undead_revamp2:the_moonflower":4,"born_in_chaos_v1:bloody_gadfly":8,"iceandfire:ghost":6},"minecraft:custom":{"minecraft:interact_with_crafting_table":139,"minecraft:open_barrel":31,"minecraft:eat_cake_slice":1,"minecraft:leave_game":13,"minecraft:time_since_death":9841,"minecraft:sprint_one_cm":1578515,"minecraft:drop":88,"minecraft:play_time":649990,"minecraft:deaths":47,"minecraft:jump":8628,"minecraft:walk_on_water_one_cm":42796,"minecraft:interact_with_furnace":184,"minecraft:play_record":8,"minecraft:sleep_in_bed":15,"minecraft:damage_dealt":34941,"minecraft:crouch_one_cm":307943,"tombstone:undead_killed":72,"minecraft:interact_with_smoker":11,"minecraft:horse_one_cm":14136,"minecraft:interact_with_smithing_table":15,"minecraft:interact_with_anvil":36,"minecraft:mob_kills":143,"minecraft:damage_dealt_resisted":846,"minecraft:climb_one_cm":8009,"minecraft:walk_one_cm":1611107,"minecraft:sneak_time":91436,"minecraft:walk_under_water_one_cm":68118,"minecraft:boat_one_cm":21219,"minecraft:interact_with_blast_furnace":12,"minecraft:total_world_time":649990,"minecraft:interact_with_stonecutter":42,"minecraft:time_since_rest":9341,"minecraft:damage_taken":25036,"minecraft:trigger_trapped_chest":5,"minecraft:swim_one_cm":70665,"minecraft:fly_one_cm":1568113,"minecraft:open_chest":334,"minecraft:fall_one_cm":148530},"minecraft:dropped":{"minecraft:diamond":2,"minecraft:pitcher_pod":3,"tombstone:tablet_of_assistance":1,"born_in_chaos_v1:pieceofdarkmetal":2,"minecraft:dirt":60,"undead_revamp2:the_somnolenceextract":1,"minecraft:gold_nugget":63,"minecraft:sand":18,"minecraft:cyan_carpet":3,"minecraft:cobbled_deepslate":1,"tombstone:gift":1,"undead_revamp2:arapholia":1,"minecraft:rotten_flesh":11,"minecraft:oak_planks":18,"minecraft:cooked_mutton":3,"smarter_mobs:spider_web":1,"minecraft:oak_fence_gate":2,"minecraft:gunpowder":1,"born_in_chaos_v1:corpse_maggot":5,"minecraft:arrow":2,"minecraft:wheat_seeds":77,"minecraft:iron_helmet":1,"minecraft:amethyst_block":11,"minecraft:spruce_stairs":1,"minecraft:turtle_egg":1,"tombstone:magic_scroll":1,"luckys_armory:heavy_iron_armor_helmet":1,"tombstone:grave_dust":3,"minecraft:iron_shovel":1,"minecraft:string":3,"minecraft:sweet_berries":18,"enderio:broken_spawner":2,"minecraft:player_head":12,"born_in_chaos_v1:rotten_fish":2,"minecraft:iron_boots":1,"minecraft:peony":1,"minecraft:bundle":1,"minecraft:oak_sapling":12,"born_in_chaos_v1:bloody_gadfly_eye":1},"minecraft:broken":{"minecraft:iron_shovel":1,"luckys_armory:heavy_iron_armor_open_helmet":1,"minecraft:wooden_shovel":1,"minecraft:stone_pickaxe":1,"luckys_armory:heavy_iron_armor_leggings":1,"minecraft:stone_shovel":1,"luckys_armory:heavy_iron_armor_boots":1,"minecraft:iron_axe":3,"minecraft:iron_pickaxe":2}},"DataVersion":3465}