{"stats":{"minecraft:killed_by":{"undead_revamp2:thewolf":1,"minecraft:iron_golem":1,"minecraft:bee":1,"minecraft:skeleton":1},"minecraft:mined":{"minecraft:dark_oak_planks":5,"minecraft:large_amethyst_bud":1,"minecraft:spruce_planks":9,"minecraft:oak_sapling":3,"minecraft:cherry_log":52,"minecraft:jungle_leaves":4,"minecraft:granite":2,"minecraft:grass_block":581,"bushierflowers:grown_dandelion":1,"minecraft:cobbled_deepslate":15,"minecraft:fire":1,"minecraft:dark_oak_stairs":3,"minecraft:small_amethyst_bud":1,"minecraft:oak_stairs":12,"minecraft:player_head":6,"minecraft:blackstone":35,"minecraft:player_wall_head":1,"minecraft:smoker":1,"minecraft:amethyst_cluster":1,"minecraft:clay":89,"minecraft:torch":2,"minecraft:calcite":9,"iceandfire:ghost_chest":1,"minecraft:cobblestone":1,"minecraft:cyan_bed":2,"minecraft:sugar_cane":6,"minecraft:oak_planks":211,"minecraft:bricks":1,"minecraft:wall_torch":2,"minecraft:amethyst_block":11,"minecraft:jungle_wood":1,"minecraft:birch_log":13,"minecraft:jukebox":1,"minecraft:grass":164,"minecraft:oak_log":181,"minecraft:oak_fence_gate":7,"minecraft:sand":1,"minecraft:dirt":279,"minecraft:smooth_basalt":4,"minecraft:oak_leaves":44,"minecraft:deepslate":220,"minecraft:tuff":97,"minecraft:deepslate_diamond_ore":38,"minecraft:spruce_leaves":31,"minecraft:moss_block":2,"minecraft:sandstone":9,"minecraft:hay_block":1,"minecraft:furnace":1,"minecraft:bookshelf":1,"minecraft:deepslate_iron_ore":59,"minecraft:rail":5,"minecraft:stone":70,"minecraft:bone_block":1,"minecraft:oak_slab":3,"minecraft:acacia_leaves":1,"minecraft:spruce_door":1,"minecraft:oak_fence":27,"minecraft:crafting_table":6,"minecraft:lectern":1,"minecraft:tall_grass":67,"minecraft:deepslate_coal_ore":16,"minecraft:deepslate_gold_ore":12,"minecraft:brick_slab":3,"minecraft:sweet_berry_bush":54,"minecraft:spruce_log":45,"minecraft:birch_leaves":29,"minecraft:coal_ore":3,"minecraft:gravel":5,"minecraft:sunflower":9,"minecraft:cyan_carpet":3,"mekanism:deepslate_uranium_ore":1,"minecraft:birch_fence":1,"minecraft:fern":1},"minecraft:used":{"minecraft:iron_shovel":258,"minecraft:chest":5,"minecraft:iron_sword":469,"minecraft:player_head":30,"minecraft:rotten_flesh":7,"minecraft:brick_slab":66,"minecraft:tuff":72,"minecraft:music_disc_13":1,"born_in_chaos_v1:corpse_maggot":6,"minecraft:bricks":1,"minecraft:music_disc_ward":2,"minecraft:iron_helmet":2,"luckys_armory:heavy_iron_armor_chestplate":1,"minecraft:sweet_berries":303,"minecraft:oak_sapling":71,"minecraft:furnace":2,"minecraft:egg":1,"minecraft:dark_oak_stairs":3,"minecraft:spruce_door":4,"minecraft:oak_planks":1178,"minecraft:stone_pickaxe":132,"minecraft:wooden_pickaxe":9,"minecraft:blast_furnace":1,"minecraft:birch_fence":1,"born_in_chaos_v1:monster_flesh":1,"minecraft:cyan_bed":2,"born_in_chaos_v1:rotten_fish":1,"minecraft:andesite":1,"minecraft:chain":1,"minecraft:oak_boat":3,"minecraft:oak_fence":63,"minecraft:stone_shovel":113,"minecraft:wooden_shovel":63,"minecraft:torch":3,"minecraft:dirt":402,"minecraft:spruce_stairs":2,"minecraft:oak_fence_gate":41,"minecraft:dark_oak_planks":1,"minecraft:iron_axe":601,"minecraft:oak_stairs":103,"undead_revamp2:huntereye":1,"luckys_armory:heavy_iron_armor_boots":1,"tombstone:gift":2,"minecraft:cobbled_deepslate":130,"born_in_chaos_v1:trident_hayfork":95,"minecraft:cooked_mutton":140,"luckys_armory:heavy_iron_armor_helmet":1,"minecraft:stonecutter":1,"minecraft:jungle_wood":1,"minecraft:music_disc_cat":5,"minecraft:oak_slab":38,"minecraft:crafting_table":12,"minecraft:spruce_log":7,"minecraft:smoker":1,"minecraft:oak_log":3,"minecraft:sunflower":1,"tombstone:tablet_of_assistance":9,"minecraft:iron_pickaxe":485,"minecraft:spruce_trapdoor":12,"minecraft:spruce_sapling":18,"minecraft:stone_axe":37,"minecraft:cobblestone":4,"alexsmobs:animal_dictionary":1,"minecraft:jukebox":1},"minecraft:picked_up":{"minecraft:iron_chestplate":1,"minecraft:birch_door":1,"minecraft:wheat":6,"mekanism:raw_uranium":1,"minecraft:oak_stairs":12,"minecraft:turtle_egg":1,"born_in_chaos_v1:bloody_gadfly_eye":2,"minecraft:amethyst_block":11,"minecraft:music_disc_cat":4,"minecraft:string":7,"minecraft:sea_pickle":1,"minecraft:gold_nugget":63,"minecraft:cobbled_deepslate":218,"minecraft:spruce_planks":9,"minecraft:calcite":6,"minecraft:furnace":1,"minecraft:stick":89,"luckys_armory:heavy_iron_armor_leggings":1,"minecraft:jukebox":1,"minecraft:oak_fence":27,"minecraft:torch":4,"minecraft:spruce_stairs":1,"luckys_armory:heavy_iron_armor_helmet":1,"minecraft:cherry_log":52,"tombstone:grave_dust":8,"minecraft:rotten_flesh":73,"minecraft:tropical_fish":2,"minecraft:music_disc_ward":3,"minecraft:obsidian":24,"minecraft:cod":2,"minecraft:cobblestone":74,"minecraft:birch_log":13,"born_in_chaos_v1:spiritual_dust":2,"minecraft:andesite":1,"minecraft:jungle_wood":1,"minecraft:smoker":1,"paraglider:spirit_orb":2,"minecraft:tuff":116,"undead_revamp2:huntereye":1,"minecraft:dirt":966,"smarter_mobs:spider_web":1,"minecraft:name_tag":1,"born_in_chaos_v1:monster_skin":1,"minecraft:bone":2,"undead_revamp2:blacpetalblock":1,"minecraft:bow":1,"minecraft:wheat_seeds":143,"minecraft:raw_gold":12,"minecraft:pitcher_pod":9,"minecraft:oak_planks":215,"minecraft:music_disc_13":2,"minecraft:sand":20,"minecraft:cyan_bed":2,"undead_revamp2:heavytooth":2,"born_in_chaos_v1:fire_dust":1,"minecraft:diamond":37,"minecraft:bone_meal":3,"minecraft:bread":6,"minecraft:oak_sapling":83,"born_in_chaos_v1:rotten_fish":6,"minecraft:bricks":1,"minecraft:crafting_table":6,"minecraft:allium":1,"minecraft:clay_ball":389,"enderio:broken_spawner":2,"minecraft:chain":2,"minecraft:cyan_carpet":3,"mekanism:ingot_uranium":5,"minecraft:birch_fence":1,"minecraft:blackstone":35,"minecraft:beef":1,"minecraft:oak_boat":2,"minecraft:player_head":9,"minecraft:poppy":2,"minecraft:lectern":1,"minecraft:sugar_cane":15,"minecraft:birch_sapling":5,"minecraft:egg":1,"minecraft:raw_iron":59,"born_in_chaos_v1:pieceofdarkmetal":2,"minecraft:dark_oak_planks":5,"minecraft:arrow":11,"minecraft:peony":1,"minecraft:hay_block":2,"minecraft:gold_ingot":2,"undead_revamp2:the_somnolenceextract":1,"alexsmobs:ghostly_pickaxe":1,"born_in_chaos_v1:trident_hayfork":2,"minecraft:glow_berries":4,"minecraft:rail":4,"born_in_chaos_v1:corpse_maggot":17,"born_in_chaos_v1:monster_flesh":2,"minecraft:oak_log":181,"minecraft:gunpowder":2,"minecraft:cooked_mutton":201,"minecraft:apple":6,"minecraft:kelp":3,"minecraft:iron_ingot":29,"minecraft:oak_fence_gate":7,"minecraft:dark_oak_stairs":3,"minecraft:book":3,"minecraft:oak_slab":5,"minecraft:smooth_basalt":20,"minecraft:sweet_berries":375,"minecraft:dandelion":2,"minecraft:gravel":5,"born_in_chaos_v1:dark_rod":2,"minecraft:amethyst_shard":4,"minecraft:spruce_sapling":18,"minecraft:spruce_log":45,"minecraft:spruce_door":1,"minecraft:brick_slab":4,"minecraft:oak_wood":1,"minecraft:slime_ball":1,"minecraft:cherry_sapling":37,"minecraft:oak_button":1,"minecraft:coal":78,"minecraft:sunflower":11},"minecraft:crafted":{"minecraft:brick":233,"minecraft:smooth_stone":3,"minecraft:oak_planks":1864,"minecraft:stone":6,"luckys_armory:heavy_iron_armor_boots":1,"minecraft:iron_boots":1,"minecraft:chest":5,"minecraft:bricks":42,"minecraft:oak_fence":63,"minecraft:oak_slab":42,"minecraft:wooden_shovel":1,"minecraft:crafting_table":6,"minecraft:spruce_planks":156,"minecraft:iron_helmet":2,"minecraft:wooden_pickaxe":1,"minecraft:baked_potato":1,"minecraft:spruce_door":3,"minecraft:birch_planks":52,"luckys_armory:heavy_iron_armor_chestplate":1,"luckys_armory:heavy_iron_armor_helmet":1,"minecraft:spruce_trapdoor":12,"minecraft:iron_chestplate":1,"minecraft:birch_fence":39,"minecraft:stick":224,"minecraft:iron_ingot":61,"minecraft:iron_pickaxe":2,"minecraft:gold_ingot":12,"minecraft:cherry_planks":208,"minecraft:stone_shovel":1,"luckys_armory:heavy_iron_armor_leggings":1,"minecraft:iron_nugget":9,"minecraft:furnace":2,"minecraft:blast_furnace":1,"minecraft:lantern":1,"minecraft:spruce_stairs":4,"minecraft:iron_axe":3,"minecraft:stone_pickaxe":1,"minecraft:iron_sword":1,"minecraft:stone_axe":1,"minecraft:air":0,"minecraft:oak_fence_gate":34,"minecraft:oak_boat":1,"minecraft:oak_stairs":92,"minecraft:iron_shovel":1,"minecraft:iron_leggings":1,"minecraft:stonecutter":1},"minecraft:killed":{"undead_revamp2:thewolf":4,"born_in_chaos_v1:restless_spirit":2,"minecraft:spider":8,"undead_revamp2:thesmoker":6,"born_in_chaos_v1:siamese_skeletonsright":2,"born_in_chaos_v1:baby_skeleton_minion":2,"undead_revamp2:theswarmer":2,"creeperoverhaul:bamboo_creeper":2,"minecraft:skeleton":18,"born_in_chaos_v1:firelight_not_despawn":2,"minecraft:iron_golem":2,"undead_revamp2:thebeartamer":4,"minecraft:creeper":2,"minecraft:zombie":16,"born_in_chaos_v1:dread_hound":4,"born_in_chaos_v1:corpse_fly":6,"born_in_chaos_v1:siamese_skeletonsleft":2,"undead_revamp2:thegliter":2,"alexsmobs:tiger":2,"born_in_chaos_v1:zombie_bruiser":2,"born_in_chaos_v1:maggot":22,"takesapillage:clay_golem":2,"alexsmobs:underminer":2,"born_in_chaos_v1:corpse_fish":20,"undead_revamp2:thehorrors":2,"undead_revamp2:sucker":8,"born_in_chaos_v1:barrel_zombie":2,"minecraft:husk":54,"undead_revamp2:the_moonflower":4,"born_in_chaos_v1:bloody_gadfly":6,"iceandfire:ghost":6},"minecraft:custom":{"minecraft:interact_with_crafting_table":109,"minecraft:open_barrel":31,"minecraft:eat_cake_slice":1,"minecraft:leave_game":9,"minecraft:time_since_death":42947,"minecraft:sprint_one_cm":1199027,"minecraft:drop":77,"minecraft:play_time":492304,"minecraft:deaths":45,"minecraft:jump":6649,"minecraft:walk_on_water_one_cm":37429,"minecraft:interact_with_furnace":111,"minecraft:play_record":8,"minecraft:sleep_in_bed":15,"minecraft:damage_dealt":29605,"minecraft:crouch_one_cm":250723,"tombstone:undead_killed":68,"minecraft:interact_with_smoker":5,"minecraft:horse_one_cm":14136,"minecraft:interact_with_smithing_table":5,"minecraft:mob_kills":116,"minecraft:interact_with_anvil":5,"minecraft:damage_dealt_resisted":846,"minecraft:climb_one_cm":8009,"minecraft:walk_one_cm":1222096,"minecraft:sneak_time":74020,"minecraft:walk_under_water_one_cm":39221,"minecraft:boat_one_cm":21219,"minecraft:interact_with_blast_furnace":3,"minecraft:total_world_time":492304,"minecraft:interact_with_stonecutter":15,"minecraft:time_since_rest":42692,"minecraft:damage_taken":23681,"minecraft:trigger_trapped_chest":5,"minecraft:swim_one_cm":51459,"minecraft:fly_one_cm":1216336,"minecraft:open_chest":210,"minecraft:fall_one_cm":107524},"minecraft:dropped":{"minecraft:diamond":2,"minecraft:pitcher_pod":3,"minecraft:dirt":2,"undead_revamp2:the_somnolenceextract":1,"minecraft:gold_nugget":63,"minecraft:sand":18,"minecraft:cyan_carpet":3,"minecraft:cobbled_deepslate":1,"undead_revamp2:arapholia":1,"tombstone:gift":1,"minecraft:rotten_flesh":11,"minecraft:oak_planks":18,"minecraft:cooked_mutton":3,"smarter_mobs:spider_web":1,"born_in_chaos_v1:corpse_maggot":5,"minecraft:arrow":2,"minecraft:wheat_seeds":77,"minecraft:iron_helmet":1,"minecraft:amethyst_block":11,"minecraft:spruce_stairs":1,"minecraft:turtle_egg":1,"luckys_armory:heavy_iron_armor_helmet":1,"tombstone:grave_dust":3,"minecraft:string":3,"enderio:broken_spawner":2,"minecraft:sweet_berries":18,"minecraft:player_head":12,"minecraft:iron_boots":1,"minecraft:peony":1,"minecraft:oak_sapling":12,"born_in_chaos_v1:bloody_gadfly_eye":1},"minecraft:broken":{"minecraft:iron_shovel":1,"luckys_armory:heavy_iron_armor_open_helmet":1,"minecraft:wooden_shovel":1,"minecraft:stone_pickaxe":1,"luckys_armory:heavy_iron_armor_leggings":1,"luckys_armory:heavy_iron_armor_boots":1,"minecraft:iron_axe":2,"minecraft:iron_pickaxe":1}},"DataVersion":3465}