{"stats":{"minecraft:killed_by":{"minecraft:iron_golem":1,"minecraft:bee":1},"minecraft:mined":{"minecraft:dark_oak_planks":5,"minecraft:large_amethyst_bud":1,"minecraft:tuff":97,"minecraft:spruce_planks":9,"minecraft:deepslate_diamond_ore":38,"minecraft:cherry_log":52,"minecraft:jungle_leaves":4,"minecraft:granite":2,"minecraft:grass_block":577,"minecraft:spruce_leaves":16,"bushierflowers:grown_dandelion":1,"minecraft:moss_block":2,"minecraft:sandstone":9,"minecraft:hay_block":1,"minecraft:furnace":1,"minecraft:fire":1,"minecraft:cobbled_deepslate":15,"minecraft:dark_oak_stairs":3,"minecraft:bookshelf":1,"minecraft:deepslate_iron_ore":59,"minecraft:oak_stairs":12,"minecraft:rail":5,"minecraft:small_amethyst_bud":1,"minecraft:stone":70,"minecraft:bone_block":1,"minecraft:player_head":4,"minecraft:acacia_leaves":1,"minecraft:blackstone":35,"minecraft:player_wall_head":1,"minecraft:amethyst_cluster":1,"minecraft:oak_fence":27,"minecraft:clay":5,"minecraft:crafting_table":6,"minecraft:torch":2,"minecraft:calcite":9,"iceandfire:ghost_chest":1,"minecraft:lectern":1,"minecraft:cobblestone":1,"minecraft:tall_grass":55,"minecraft:deepslate_coal_ore":16,"minecraft:deepslate_gold_ore":12,"minecraft:cyan_bed":2,"minecraft:oak_planks":199,"minecraft:sugar_cane":6,"minecraft:wall_torch":2,"minecraft:amethyst_block":11,"minecraft:jungle_wood":1,"minecraft:birch_log":13,"minecraft:sweet_berry_bush":47,"minecraft:spruce_log":37,"minecraft:birch_leaves":15,"minecraft:grass":151,"minecraft:coal_ore":3,"minecraft:oak_log":130,"minecraft:oak_fence_gate":7,"minecraft:cyan_carpet":3,"minecraft:sunflower":9,"minecraft:gravel":5,"minecraft:dirt":263,"mekanism:deepslate_uranium_ore":1,"minecraft:smooth_basalt":4,"minecraft:oak_leaves":36,"minecraft:birch_fence":1,"minecraft:deepslate":220,"minecraft:fern":1},"minecraft:used":{"minecraft:oak_fence":61,"minecraft:iron_shovel":258,"minecraft:stone_shovel":26,"minecraft:chest":4,"minecraft:iron_sword":405,"minecraft:wooden_shovel":63,"minecraft:player_head":26,"minecraft:rotten_flesh":7,"minecraft:torch":3,"minecraft:dirt":221,"minecraft:spruce_stairs":2,"minecraft:tuff":72,"minecraft:oak_fence_gate":41,"minecraft:dark_oak_planks":1,"minecraft:iron_axe":494,"minecraft:oak_stairs":96,"minecraft:iron_helmet":2,"undead_revamp2:huntereye":1,"luckys_armory:heavy_iron_armor_boots":1,"luckys_armory:heavy_iron_armor_chestplate":1,"minecraft:sweet_berries":177,"minecraft:furnace":2,"minecraft:oak_sapling":21,"tombstone:gift":2,"minecraft:egg":1,"minecraft:cobbled_deepslate":130,"born_in_chaos_v1:trident_hayfork":76,"minecraft:cooked_mutton":139,"minecraft:dark_oak_stairs":3,"luckys_armory:heavy_iron_armor_helmet":1,"minecraft:stone_pickaxe":132,"minecraft:oak_planks":1088,"minecraft:wooden_pickaxe":9,"minecraft:jungle_wood":1,"minecraft:crafting_table":12,"minecraft:spruce_log":7,"minecraft:birch_fence":1,"minecraft:oak_log":3,"minecraft:sunflower":1,"minecraft:cyan_bed":2,"tombstone:tablet_of_assistance":9,"minecraft:iron_pickaxe":479,"minecraft:spruce_sapling":5,"minecraft:stone_axe":37,"minecraft:cobblestone":4,"minecraft:chain":1,"minecraft:andesite":1,"minecraft:oak_boat":3,"alexsmobs:animal_dictionary":1},"minecraft:crafted":{"minecraft:cherry_planks":208,"minecraft:oak_planks":1608,"minecraft:stone_shovel":1,"luckys_armory:heavy_iron_armor_leggings":1,"minecraft:furnace":1,"luckys_armory:heavy_iron_armor_boots":1,"minecraft:spruce_stairs":4,"minecraft:iron_boots":1,"minecraft:iron_axe":3,"minecraft:stone_pickaxe":1,"minecraft:chest":4,"minecraft:oak_fence":63,"minecraft:wooden_shovel":1,"minecraft:crafting_table":6,"minecraft:spruce_planks":20,"minecraft:wooden_pickaxe":1,"minecraft:iron_helmet":2,"minecraft:iron_sword":1,"luckys_armory:heavy_iron_armor_chestplate":1,"minecraft:birch_planks":52,"minecraft:stone_axe":1,"minecraft:air":0,"minecraft:oak_fence_gate":34,"minecraft:oak_boat":1,"luckys_armory:heavy_iron_armor_helmet":1,"minecraft:iron_chestplate":1,"minecraft:birch_fence":39,"minecraft:stick":224,"minecraft:iron_ingot":59,"minecraft:iron_pickaxe":2,"minecraft:oak_stairs":84,"minecraft:iron_shovel":1,"minecraft:iron_leggings":1},"minecraft:picked_up":{"minecraft:wheat":6,"minecraft:birch_door":1,"minecraft:iron_chestplate":1,"minecraft:crafting_table":6,"minecraft:allium":1,"minecraft:clay_ball":53,"mekanism:raw_uranium":1,"minecraft:oak_stairs":12,"born_in_chaos_v1:bloody_gadfly_eye":1,"enderio:broken_spawner":2,"minecraft:chain":2,"minecraft:amethyst_block":11,"minecraft:string":7,"mekanism:ingot_uranium":5,"minecraft:birch_fence":1,"minecraft:blackstone":35,"minecraft:cyan_carpet":3,"minecraft:gold_nugget":63,"minecraft:cobbled_deepslate":218,"minecraft:spruce_planks":9,"minecraft:player_head":5,"minecraft:oak_boat":2,"minecraft:calcite":6,"minecraft:poppy":2,"minecraft:lectern":1,"minecraft:sugar_cane":15,"minecraft:birch_sapling":3,"minecraft:egg":1,"minecraft:furnace":1,"minecraft:raw_iron":59,"minecraft:stick":67,"luckys_armory:heavy_iron_armor_leggings":1,"minecraft:oak_fence":27,"minecraft:torch":4,"minecraft:spruce_stairs":1,"luckys_armory:heavy_iron_armor_helmet":1,"minecraft:cherry_log":52,"tombstone:grave_dust":8,"born_in_chaos_v1:pieceofdarkmetal":1,"minecraft:dark_oak_planks":5,"minecraft:arrow":11,"minecraft:rotten_flesh":60,"minecraft:peony":1,"minecraft:music_disc_ward":1,"minecraft:hay_block":2,"undead_revamp2:the_somnolenceextract":1,"minecraft:gold_ingot":2,"born_in_chaos_v1:trident_hayfork":2,"alexsmobs:ghostly_pickaxe":1,"minecraft:glow_berries":4,"minecraft:obsidian":24,"minecraft:rail":4,"minecraft:cobblestone":74,"minecraft:birch_log":13,"born_in_chaos_v1:corpse_maggot":10,"born_in_chaos_v1:spiritual_dust":2,"minecraft:andesite":1,"minecraft:jungle_wood":1,"paraglider:spirit_orb":2,"minecraft:tuff":116,"minecraft:oak_log":130,"undead_revamp2:huntereye":1,"smarter_mobs:spider_web":1,"minecraft:dirt":862,"minecraft:cooked_mutton":201,"minecraft:bone":1,"minecraft:apple":4,"undead_revamp2:blacpetalblock":1,"minecraft:bow":1,"minecraft:wheat_seeds":46,"minecraft:raw_gold":12,"minecraft:iron_ingot":28,"minecraft:oak_fence_gate":7,"minecraft:oak_planks":204,"minecraft:dark_oak_stairs":3,"minecraft:pitcher_pod":9,"minecraft:book":3,"minecraft:smooth_basalt":20,"minecraft:sweet_berries":201,"minecraft:music_disc_13":1,"born_in_chaos_v1:dark_rod":2,"minecraft:dandelion":2,"minecraft:gravel":5,"minecraft:sand":19,"minecraft:amethyst_shard":4,"minecraft:spruce_sapling":16,"minecraft:cyan_bed":2,"minecraft:spruce_log":37,"undead_revamp2:heavytooth":2,"minecraft:oak_wood":1,"born_in_chaos_v1:fire_dust":1,"minecraft:diamond":37,"minecraft:cherry_sapling":37,"minecraft:bread":5,"minecraft:oak_button":1,"minecraft:oak_sapling":57,"minecraft:coal":37,"minecraft:sunflower":11},"minecraft:killed":{"born_in_chaos_v1:restless_spirit":2,"undead_revamp2:thegliter":2,"alexsmobs:tiger":2,"minecraft:spider":6,"undead_revamp2:thesmoker":6,"born_in_chaos_v1:siamese_skeletonsright":2,"born_in_chaos_v1:zombie_bruiser":2,"born_in_chaos_v1:baby_skeleton_minion":2,"undead_revamp2:theswarmer":2,"born_in_chaos_v1:maggot":16,"creeperoverhaul:bamboo_creeper":2,"minecraft:skeleton":14,"takesapillage:clay_golem":2,"alexsmobs:underminer":2,"undead_revamp2:thehorrors":2,"undead_revamp2:sucker":8,"born_in_chaos_v1:firelight_not_despawn":2,"minecraft:husk":54,"undead_revamp2:the_moonflower":4,"minecraft:iron_golem":2,"undead_revamp2:thebeartamer":4,"born_in_chaos_v1:bloody_gadfly":4,"minecraft:zombie":8,"iceandfire:ghost":6,"born_in_chaos_v1:corpse_fly":6,"born_in_chaos_v1:siamese_skeletonsleft":2,"undead_revamp2:thewolf":2},"minecraft:dropped":{"minecraft:wheat_seeds":2,"minecraft:diamond":2,"minecraft:pitcher_pod":3,"minecraft:iron_helmet":1,"minecraft:amethyst_block":11,"minecraft:spruce_stairs":1,"minecraft:dirt":2,"luckys_armory:heavy_iron_armor_helmet":1,"undead_revamp2:the_somnolenceextract":1,"tombstone:grave_dust":3,"minecraft:gold_nugget":63,"minecraft:sand":18,"minecraft:string":3,"minecraft:cyan_carpet":3,"minecraft:sweet_berries":7,"enderio:broken_spawner":2,"minecraft:player_head":12,"minecraft:cobbled_deepslate":1,"undead_revamp2:arapholia":1,"tombstone:gift":1,"minecraft:rotten_flesh":10,"minecraft:oak_planks":18,"minecraft:iron_boots":1,"minecraft:cooked_mutton":3,"smarter_mobs:spider_web":1,"minecraft:peony":1,"born_in_chaos_v1:corpse_maggot":5,"minecraft:oak_sapling":12,"minecraft:arrow":2},"minecraft:custom":{"minecraft:interact_with_smithing_table":1,"minecraft:interact_with_anvil":3,"minecraft:mob_kills":87,"minecraft:interact_with_crafting_table":72,"minecraft:open_barrel":31,"minecraft:damage_dealt_resisted":786,"minecraft:eat_cake_slice":1,"minecraft:leave_game":9,"minecraft:time_since_death":41522,"minecraft:climb_one_cm":7246,"minecraft:sprint_one_cm":866724,"minecraft:walk_one_cm":994442,"minecraft:drop":61,"minecraft:play_time":372304,"minecraft:deaths":36,"minecraft:sneak_time":63294,"minecraft:walk_under_water_one_cm":11299,"minecraft:boat_one_cm":21219,"minecraft:jump":5096,"minecraft:walk_on_water_one_cm":26183,"minecraft:total_world_time":372304,"minecraft:interact_with_furnace":61,"minecraft:sleep_in_bed":15,"minecraft:time_since_rest":27863,"minecraft:damage_taken":19961,"minecraft:trigger_trapped_chest":5,"minecraft:damage_dealt":24196,"minecraft:swim_one_cm":30524,"minecraft:fly_one_cm":893161,"minecraft:open_chest":82,"minecraft:crouch_one_cm":222206,"tombstone:undead_killed":60,"minecraft:fall_one_cm":80091,"minecraft:horse_one_cm":7764},"minecraft:broken":{"luckys_armory:heavy_iron_armor_boots":1,"minecraft:iron_shovel":1,"luckys_armory:heavy_iron_armor_open_helmet":1,"minecraft:wooden_shovel":1,"minecraft:stone_pickaxe":1,"luckys_armory:heavy_iron_armor_leggings":1,"minecraft:iron_axe":2,"minecraft:iron_pickaxe":1}},"DataVersion":3465}