{"stats":{"minecraft:custom":{"minecraft:mob_kills":42,"minecraft:interact_with_crafting_table":40,"minecraft:damage_dealt_resisted":1965,"minecraft:leave_game":3,"minecraft:time_since_death":30250,"minecraft:climb_one_cm":10017,"minecraft:sprint_one_cm":161620,"minecraft:walk_one_cm":215979,"minecraft:damage_blocked_by_shield":1335,"minecraft:drop":130,"minecraft:talked_to_villager":13,"minecraft:play_time":93481,"minecraft:deaths":4,"minecraft:sneak_time":4110,"minecraft:walk_under_water_one_cm":19720,"minecraft:jump":2057,"minecraft:walk_on_water_one_cm":19615,"minecraft:total_world_time":93481,"minecraft:interact_with_furnace":40,"minecraft:time_since_rest":29731,"minecraft:damage_taken":6662,"minecraft:damage_absorbed":40,"minecraft:damage_dealt":7181,"minecraft:swim_one_cm":16225,"minecraft:fly_one_cm":181548,"minecraft:open_chest":7,"minecraft:crouch_one_cm":4298,"tombstone:undead_killed":24,"minecraft:fall_one_cm":42728},"minecraft:used":{"minecraft:moss_block":5,"minecraft:moss_carpet":2,"minecraft:shield":26,"minecraft:iron_sword":28,"minecraft:player_head":4,"minecraft:rotten_flesh":2,"minecraft:torch":24,"minecraft:jungle_planks":17,"minecraft:wooden_axe":46,"minecraft:flowering_azalea":2,"minecraft:lava_bucket":1,"minecraft:jungle_log":1,"minecraft:iron_helmet":1,"minecraft:iron_boots":1,"minecraft:bow":10,"minecraft:furnace":7,"tombstone:gift":4,"minecraft:powder_snow_bucket":1,"minecraft:cooked_mutton":71,"minecraft:mossy_stone_bricks":1,"minecraft:water_bucket":15,"minecraft:diorite":3,"minecraft:stone_pickaxe":104,"minecraft:oak_planks":51,"minecraft:wooden_pickaxe":15,"minecraft:oak_leaves":1,"minecraft:golden_apple":2,"minecraft:crafting_table":9,"enderio:dark_steel_sword":102,"born_in_chaos_v1:monster_flesh":1,"minecraft:iron_pickaxe":153,"minecraft:stone_axe":15,"minecraft:cobblestone":1,"minecraft:bucket":18,"minecraft:oak_boat":1,"alexsmobs:animal_dictionary":1},"minecraft:dropped":{"minecraft:enchanted_book":1,"minecraft:moss_block":17,"minecraft:wheat_seeds":2,"minecraft:cherry_log":4,"minecraft:oak_log":16,"slenderman:slender_book":2,"minecraft:cobblestone":32,"minecraft:glow_berries":4,"minecraft:apple":3,"minecraft:jungle_planks":6,"minecraft:flint":2,"minecraft:stick":3,"born_in_chaos_v1:monster_flesh":3,"minecraft:dirt":4,"minecraft:diorite":12,"mekanism:raw_uranium":2,"minecraft:wooden_axe":1,"tombstone:grave_dust":1,"minecraft:jungle_sapling":1,"minecraft:string":1,"minecraft:gravel":5,"minecraft:stone_axe":1,"minecraft:moss_carpet":2,"minecraft:blackstone":3,"minecraft:cocoa_beans":6,"alexsmobs:animal_dictionary":3,"minecraft:cobbled_deepslate":220,"minecraft:raw_copper":24,"minecraft:tuff":7,"minecraft:rotten_flesh":26,"enderio:dark_steel_ingot":1,"minecraft:clay_ball":4,"minecraft:oak_planks":4,"minecraft:cooked_mutton":23,"smarter_mobs:spider_web":2,"minecraft:big_dripleaf":9,"minecraft:stone":2,"minecraft:gunpowder":2,"born_in_chaos_v1:corpse_maggot":6,"minecraft:jungle_log":3,"minecraft:azalea":3,"minecraft:oak_sapling":14,"minecraft:bamboo":2,"minecraft:wooden_pickaxe":1,"minecraft:stone_pickaxe":1,"minecraft:raw_gold":1,"alexsmobs:banana":3,"minecraft:magma_block":14,"undead_revamp2:rawbostrox":2},"minecraft:mined":{"minecraft:tuff":5,"minecraft:deepslate_diamond_ore":2,"minecraft:andesite_stairs":1,"minecraft:gray_stained_glass_pane":2,"minecraft:cave_vines_plant":6,"minecraft:glow_lichen":1,"minecraft:jungle_log":4,"minecraft:moss_block":9,"minecraft:tall_seagrass":1,"minecraft:magma_block":14,"minecraft:furnace":5,"minecraft:iron_ore":20,"minecraft:fire":1,"minecraft:moss_carpet":1,"minecraft:vine":4,"minecraft:cave_vines":2,"minecraft:deepslate_iron_ore":19,"minecraft:azalea":1,"minecraft:stone":44,"minecraft:flowering_azalea":2,"minecraft:red_bed":1,"minecraft:blackstone":14,"galosphere:deepslate_silver_ore":3,"minecraft:powder_snow":2,"minecraft:clay":1,"minecraft:crafting_table":6,"minecraft:torch":1,"minecraft:andesite_slab":1,"minecraft:stone_slab":1,"minecraft:copper_ore":2,"minecraft:tall_grass":6,"minecraft:cobblestone":2,"minecraft:deepslate_gold_ore":1,"minecraft:grindstone":1,"minecraft:damaged_anvil":1,"minecraft:oak_planks":10,"minecraft:diorite":14,"minecraft:wall_torch":2,"minecraft:big_dripleaf":1,"minecraft:grass":17,"mekanism:deepslate_tin_ore":3,"minecraft:oak_log":42,"minecraft:coal_ore":10,"minecraft:dirt":1,"mekanism:deepslate_uranium_ore":2,"minecraft:stone_bricks":5,"minecraft:mossy_stone_bricks":1,"minecraft:fern":1,"minecraft:oak_leaves":1,"minecraft:deepslate":85},"minecraft:crafted":{"minecraft:oak_planks":104,"minecraft:furnace":2,"minecraft:iron_boots":1,"minecraft:stone_pickaxe":1,"minecraft:crafting_table":5,"minecraft:iron_helmet":1,"minecraft:wooden_pickaxe":1,"minecraft:iron_sword":1,"minecraft:bucket":1,"minecraft:stone_axe":1,"minecraft:air":0,"minecraft:jungle_planks":96,"minecraft:iron_chestplate":1,"minecraft:shield":1,"minecraft:stick":8,"minecraft:iron_pickaxe":1,"minecraft:iron_ingot":41,"minecraft:wooden_axe":1,"minecraft:iron_leggings":1,"enderio:dark_steel_sword":1,"minecraft:torch":8},"minecraft:killed":{"undead_revamp2:thegliter":2,"born_in_chaos_v1:zombie_lumberjack":2,"minecraft:spider":6,"undead_revamp2:axestrom":2,"born_in_chaos_v1:zombie_bruiser":2,"born_in_chaos_v1:maggot":6,"creeperoverhaul:bamboo_creeper":2,"minecraft:skeleton":20,"undead_revamp2:thehorrors":2,"undead_revamp2:thespitter":4,"minecraft:creeper":2,"born_in_chaos_v1:decrepit_skeleton":2,"undead_revamp2:thesomnolence":2,"minecraft:zombie":10,"born_in_chaos_v1:dread_hound":4,"born_in_chaos_v1:corpse_fly":8,"born_in_chaos_v1:dark_vortex":2,"born_in_chaos_v1:door_knight":4},"minecraft:picked_up":{"minecraft:cocoa_beans":6,"minecraft:crafting_table":5,"minecraft:clay_ball":4,"mekanism:raw_uranium":4,"minecraft:stone_slab":1,"spelunkers_charm:deepslate_rock":4,"minecraft:red_bed":1,"minecraft:string":1,"minecraft:moss_carpet":4,"minecraft:raw_copper":24,"minecraft:blackstone":3,"alexsmobs:banana":3,"minecraft:cobbled_deepslate":220,"minecraft:andesite_stairs":1,"minecraft:oak_boat":1,"minecraft:jungle_sapling":1,"minecraft:azalea":3,"minecraft:furnace":5,"minecraft:stick":9,"minecraft:raw_iron":42,"minecraft:stone":2,"minecraft:big_dripleaf":9,"minecraft:torch":17,"minecraft:cherry_log":4,"tombstone:grave_dust":5,"minecraft:diorite":15,"mekanism:raw_tin":3,"slenderman:slender_book":1,"minecraft:arrow":11,"minecraft:rotten_flesh":28,"minecraft:glow_berries":4,"minecraft:cobblestone":48,"born_in_chaos_v1:corpse_maggot":5,"minecraft:magma_block":14,"minecraft:golden_carrot":1,"born_in_chaos_v1:monster_flesh":4,"minecraft:jungle_log":28,"minecraft:flint":2,"minecraft:tuff":9,"minecraft:oak_log":42,"minecraft:gunpowder":2,"minecraft:dirt":4,"smarter_mobs:spider_web":2,"born_in_chaos_v1:monster_skin":1,"minecraft:cooked_mutton":108,"minecraft:bone":9,"minecraft:apple":3,"minecraft:stone_bricks":5,"minecraft:bow":1,"minecraft:wheat_seeds":2,"minecraft:raw_gold":1,"minecraft:grindstone":1,"minecraft:iron_ingot":3,"minecraft:mossy_stone_bricks":1,"tombstone:bag_of_seeds":1,"minecraft:bamboo":2,"galosphere:raw_silver":6,"minecraft:moss_block":17,"minecraft:oak_planks":10,"minecraft:flowering_azalea":2,"born_in_chaos_v1:ethereal_spirit":1,"minecraft:gravel":5,"born_in_chaos_v1:dark_rod":3,"alexsmobs:animal_dictionary":2,"undead_revamp2:rawbostrox":2,"minecraft:diamond":3,"minecraft:stone_axe":1,"minecraft:golden_apple":2,"minecraft:oak_sapling":14,"minecraft:damaged_anvil":1,"minecraft:andesite_slab":2,"minecraft:coal":16,"minecraft:oak_leaves":1}},"DataVersion":3465}