{"stats":{"minecraft:killed_by":{"iceandfire:siren":2,"born_in_chaos_v1:baby_skeleton":1,"undead_revamp2:clogger":1,"iceandfire:lightning_dragon":1,"born_in_chaos_v1:corpse_fish":1},"minecraft:mined":{"minecraft:dark_oak_planks":2,"minecraft:andesite_stairs":1,"minecraft:jungle_leaves":3,"minecraft:cave_vines_plant":6,"minecraft:granite":8,"minecraft:grass_block":9,"minecraft:jungle_log":16,"iceandfire:crackled_cobblestone":15,"minecraft:tall_seagrass":1,"minecraft:magma_block":14,"minecraft:iron_ore":26,"minecraft:barrel":1,"minecraft:fire":1,"minecraft:moss_carpet":1,"minecraft:cave_vines":2,"minecraft:azalea":3,"bushierflowers:grown_poppy":2,"mekanism:osmium_ore":1,"minecraft:red_bed":1,"minecraft:blackstone":15,"minecraft:powder_snow":2,"minecraft:clay":1,"minecraft:torch":1,"minecraft:melon":19,"minecraft:dead_bush":1,"minecraft:cobblestone":2,"minecraft:grindstone":1,"minecraft:sugar_cane":2,"minecraft:oak_planks":10,"minecraft:damaged_anvil":1,"minecraft:wall_torch":2,"minecraft:seagrass":1,"iceandfire:crackled_stone":23,"born_in_chaos_v1:river_mint":1,"minecraft:grass":120,"mekanism:deepslate_tin_ore":3,"minecraft:oak_log":55,"minecraft:dirt":9,"minecraft:oak_leaves":23,"minecraft:deepslate":88,"minecraft:diamond_ore":1,"minecraft:tuff":5,"iceandfire:silver_ore":2,"minecraft:deepslate_diamond_ore":2,"minecraft:gray_stained_glass_pane":2,"minecraft:glow_lichen":1,"minecraft:jungle_planks":7,"travelersbackpack:white_sleeping_bag":1,"minecraft:spruce_leaves":1,"minecraft:moss_block":9,"minecraft:rooted_dirt":1,"minecraft:large_fern":1,"minecraft:furnace":5,"minecraft:deepslate_iron_ore":19,"minecraft:vine":25,"minecraft:stone":45,"minecraft:bone_block":10,"minecraft:flowering_azalea":2,"galosphere:deepslate_silver_ore":3,"minecraft:crafting_table":12,"minecraft:andesite_slab":1,"minecraft:stone_slab":1,"minecraft:copper_ore":2,"minecraft:tall_grass":34,"minecraft:deepslate_gold_ore":1,"minecraft:lapis_ore":7,"minecraft:diorite":14,"minecraft:big_dripleaf":1,"minecraft:coarse_dirt":1,"minecraft:coal_ore":16,"minecraft:cocoa":1,"mekanism:deepslate_uranium_ore":2,"minecraft:stone_bricks":5,"minecraft:mossy_stone_bricks":1,"minecraft:gold_ore":4,"minecraft:fern":18},"minecraft:used":{"minecraft:moss_block":5,"minecraft:moss_carpet":2,"minecraft:poppy":2,"minecraft:bone_block":7,"iceandfire:dragon_skull_ice":1,"minecraft:chest":2,"minecraft:shield":30,"minecraft:iron_sword":28,"minecraft:player_head":9,"minecraft:rotten_flesh":2,"minecraft:jungle_planks":25,"born_in_chaos_v1:corpse_maggot":1,"minecraft:lava_bucket":1,"minecraft:iron_helmet":1,"minecraft:bow":10,"minecraft:oak_sapling":1,"minecraft:furnace":7,"minecraft:egg":3,"minecraft:mossy_stone_bricks":1,"minecraft:diorite":3,"minecraft:damaged_anvil":1,"minecraft:stone_pickaxe":104,"minecraft:oak_planks":63,"minecraft:wooden_pickaxe":25,"minecraft:jungle_boat":3,"minecraft:oak_leaves":1,"minecraft:golden_apple":2,"minecraft:glow_berries":7,"enderio:dark_steel_sword":118,"born_in_chaos_v1:monster_flesh":1,"minecraft:melon_slice":51,"minecraft:bread":1,"minecraft:grindstone":1,"minecraft:oak_boat":6,"minecraft:coarse_dirt":1,"minecraft:torch":31,"minecraft:dirt":14,"minecraft:granite":1,"minecraft:dark_oak_planks":1,"minecraft:wooden_axe":47,"minecraft:flowering_azalea":2,"minecraft:rooted_dirt":1,"minecraft:jungle_log":1,"minecraft:iron_boots":1,"tombstone:gift":4,"minecraft:powder_snow_bucket":1,"minecraft:cooked_mutton":79,"minecraft:water_bucket":19,"iceandfire:crackled_stone":10,"iceandfire:dragon_skull_lightning":1,"minecraft:crafting_table":18,"minecraft:red_bed":1,"smarter_mobs:spider_web":1,"minecraft:diamond_pickaxe":78,"minecraft:iron_pickaxe":155,"travelersbackpack:white_sleeping_bag":1,"minecraft:stone_axe":26,"iceandfire:crackled_cobblestone":2,"minecraft:cobblestone":2,"minecraft:bucket":22,"alexsmobs:animal_dictionary":1},"minecraft:crafted":{"minecraft:oak_planks":156,"minecraft:cooked_mutton":1,"minecraft:iron_boots":1,"minecraft:chest":2,"minecraft:crafting_table":13,"minecraft:jungle_boat":2,"minecraft:wooden_pickaxe":2,"minecraft:iron_helmet":1,"minecraft:iron_chestplate":1,"minecraft:diamond_pickaxe":1,"minecraft:shield":1,"minecraft:stick":20,"minecraft:iron_ingot":41,"minecraft:iron_pickaxe":1,"minecraft:gold_ingot":5,"enderio:dark_steel_sword":1,"minecraft:wooden_sword":1,"minecraft:furnace":2,"travelersbackpack:white_sleeping_bag":1,"minecraft:iron_axe":1,"minecraft:stone_pickaxe":1,"minecraft:iron_sword":1,"minecraft:bucket":1,"minecraft:stone_axe":1,"minecraft:jungle_planks":144,"minecraft:air":0,"minecraft:oak_boat":3,"minecraft:wooden_axe":1,"minecraft:iron_leggings":1,"minecraft:torch":16},"minecraft:picked_up":{"mekanism:raw_uranium":4,"minecraft:stone_slab":1,"tombstone:grave_key":6,"minecraft:raw_copper":24,"minecraft:string":3,"alexsmobs:banana":3,"minecraft:cobbled_deepslate":223,"minecraft:azalea":3,"minecraft:melon_slice":91,"minecraft:furnace":5,"minecraft:stick":11,"minecraft:big_dripleaf":9,"born_in_chaos_v1:phantom_powder":2,"minecraft:torch":18,"minecraft:cherry_log":4,"tombstone:grave_dust":5,"minecraft:diorite":15,"mekanism:raw_tin":3,"minecraft:rotten_flesh":29,"minecraft:cobblestone":49,"minecraft:magma_block":14,"minecraft:jungle_log":42,"minecraft:flint":2,"minecraft:tuff":9,"minecraft:dirt":22,"minecraft:lapis_lazuli":43,"smarter_mobs:spider_web":4,"born_in_chaos_v1:monster_skin":1,"minecraft:bone":14,"minecraft:bow":2,"minecraft:wheat_seeds":25,"minecraft:raw_gold":5,"minecraft:grindstone":1,"enderio:dark_steel_sword":1,"minecraft:mossy_stone_bricks":1,"minecraft:bamboo":2,"galosphere:raw_silver":6,"minecraft:moss_block":17,"minecraft:oak_planks":12,"minecraft:jungle_planks":7,"minecraft:barrel":1,"alexsmobs:animal_dictionary":2,"travelersbackpack:white_sleeping_bag":1,"minecraft:diamond":4,"iceandfire:crackled_stone":27,"minecraft:granite":12,"minecraft:bone_meal":1,"minecraft:golden_apple":2,"minecraft:golden_horse_armor":1,"minecraft:bread":1,"minecraft:rooted_dirt":1,"minecraft:oak_sapling":15,"born_in_chaos_v1:rotten_fish":1,"minecraft:oak_leaves":1,"minecraft:andesite_slab":2,"iceandfire:raw_silver":2,"iceandfire:dragon_skull_lightning":1,"minecraft:cocoa_beans":9,"minecraft:coarse_dirt":1,"minecraft:crafting_table":11,"minecraft:azure_bluet":1,"minecraft:clay_ball":4,"minecraft:leather_leggings":1,"spelunkers_charm:deepslate_rock":4,"minecraft:red_bed":1,"minecraft:moss_carpet":4,"minecraft:blackstone":4,"minecraft:andesite_stairs":1,"minecraft:oak_boat":3,"minecraft:player_head":1,"minecraft:jungle_sapling":1,"minecraft:poppy":2,"minecraft:sugar_cane":2,"minecraft:egg":3,"minecraft:dark_oak_sapling":2,"minecraft:raw_iron":47,"minecraft:stone":2,"minecraft:dark_oak_planks":2,"iceandfire:dragon_skull_ice":1,"slenderman:slender_book":1,"minecraft:arrow":11,"minecraft:glow_berries":4,"minecraft:mutton":4,"minecraft:white_wool":2,"minecraft:bone_block":10,"born_in_chaos_v1:corpse_maggot":7,"minecraft:jungle_boat":1,"born_in_chaos_v1:monster_flesh":4,"minecraft:golden_carrot":1,"minecraft:oak_log":55,"minecraft:gunpowder":5,"minecraft:cooked_mutton":108,"minecraft:apple":3,"minecraft:stone_bricks":5,"minecraft:iron_ingot":3,"tombstone:bag_of_seeds":1,"minecraft:acacia_sapling":1,"minecraft:flowering_azalea":2,"iceandfire:crackled_cobblestone":21,"born_in_chaos_v1:ethereal_spirit":1,"minecraft:gravel":5,"born_in_chaos_v1:dark_rod":3,"mekanism:raw_osmium":1,"undead_revamp2:rawbostrox":2,"minecraft:stone_axe":1,"minecraft:damaged_anvil":1,"minecraft:coal":22},"minecraft:killed":{"born_in_chaos_v1:zombie_lumberjack":2,"minecraft:spider":6,"undead_revamp2:axestrom":2,"creeperoverhaul:bamboo_creeper":2,"minecraft:skeleton":22,"undead_revamp2:thespitter":4,"minecraft:creeper":2,"minecraft:sheep":4,"minecraft:zombie":12,"born_in_chaos_v1:dread_hound":4,"born_in_chaos_v1:corpse_fly":12,"born_in_chaos_v1:door_knight":4,"undead_revamp2:thegliter":2,"born_in_chaos_v1:zombie_bruiser":2,"born_in_chaos_v1:maggot":6,"undead_revamp2:thehorrors":2,"born_in_chaos_v1:decrepit_skeleton":2,"undead_revamp2:thesomnolence":2,"born_in_chaos_v1:dark_vortex":2},"minecraft:custom":{"minecraft:interact_with_crafting_table":59,"minecraft:open_barrel":10,"minecraft:leave_game":4,"minecraft:time_since_death":904,"minecraft:sprint_one_cm":519546,"minecraft:damage_blocked_by_shield":1395,"minecraft:drop":176,"minecraft:talked_to_villager":13,"minecraft:play_time":211556,"minecraft:deaths":22,"minecraft:jump":5234,"minecraft:walk_on_water_one_cm":48593,"minecraft:interact_with_furnace":45,"minecraft:waystone_activated":1,"minecraft:damage_dealt":7941,"minecraft:crouch_one_cm":13473,"tombstone:undead_killed":26,"minecraft:mob_kills":49,"minecraft:interact_with_anvil":1,"minecraft:damage_dealt_resisted":1965,"minecraft:climb_one_cm":53408,"minecraft:walk_one_cm":381705,"minecraft:sneak_time":7275,"minecraft:walk_under_water_one_cm":60377,"minecraft:interact_with_blast_furnace":11,"minecraft:total_world_time":211556,"minecraft:time_since_rest":1,"minecraft:damage_taken":13320,"minecraft:damage_absorbed":40,"minecraft:swim_one_cm":191317,"minecraft:fly_one_cm":746123,"minecraft:open_chest":41,"minecraft:fall_one_cm":125586},"minecraft:dropped":{"minecraft:moss_block":17,"minecraft:oak_log":16,"slenderman:slender_book":2,"minecraft:glow_berries":4,"minecraft:jungle_planks":6,"minecraft:flint":2,"born_in_chaos_v1:monster_flesh":3,"minecraft:dirt":4,"minecraft:jungle_sapling":1,"minecraft:bone_meal":1,"minecraft:bone":1,"minecraft:gravel":5,"minecraft:stone_axe":2,"minecraft:blackstone":3,"alexsmobs:animal_dictionary":3,"minecraft:cobbled_deepslate":220,"minecraft:rotten_flesh":26,"enderio:dark_steel_ingot":1,"minecraft:oak_planks":4,"minecraft:cooked_mutton":23,"minecraft:azure_bluet":1,"smarter_mobs:spider_web":3,"minecraft:gunpowder":2,"minecraft:jungle_log":3,"born_in_chaos_v1:corpse_maggot":7,"iceandfire:crackled_cobblestone":19,"minecraft:azalea":3,"alexsmobs:banana":3,"undead_revamp2:rawbostrox":2,"minecraft:enchanted_book":1,"minecraft:wheat_seeds":24,"minecraft:cherry_log":4,"minecraft:cobblestone":32,"minecraft:apple":3,"minecraft:granite":11,"minecraft:stick":5,"minecraft:diorite":12,"tombstone:grave_key":10,"mekanism:raw_uranium":2,"minecraft:wooden_axe":1,"tombstone:grave_dust":1,"mekanism:raw_osmium":1,"minecraft:string":1,"minecraft:moss_carpet":2,"minecraft:player_head":1,"minecraft:raw_copper":24,"minecraft:cocoa_beans":9,"minecraft:tuff":7,"born_in_chaos_v1:rotten_fish":1,"minecraft:clay_ball":4,"minecraft:big_dripleaf":9,"minecraft:stone":2,"minecraft:oak_sapling":14,"enderio:dark_steel_sword":1,"minecraft:bamboo":2,"minecraft:bow":1,"minecraft:stone_pickaxe":1,"minecraft:wooden_pickaxe":1,"minecraft:raw_gold":1,"minecraft:magma_block":14}},"DataVersion":3465}