{"stats":{"minecraft:killed_by":{"iceandfire:siren":2,"born_in_chaos_v1:baby_skeleton":1,"undead_revamp2:clogger":1,"born_in_chaos_v1:corpse_fish":1},"minecraft:mined":{"minecraft:dark_oak_planks":2,"minecraft:tuff":5,"minecraft:deepslate_diamond_ore":2,"minecraft:andesite_stairs":1,"minecraft:jungle_leaves":3,"minecraft:gray_stained_glass_pane":2,"minecraft:cave_vines_plant":6,"minecraft:glow_lichen":1,"minecraft:grass_block":9,"minecraft:jungle_planks":7,"minecraft:jungle_log":16,"minecraft:spruce_leaves":1,"minecraft:moss_block":9,"minecraft:rooted_dirt":1,"minecraft:large_fern":1,"minecraft:tall_seagrass":1,"minecraft:magma_block":14,"minecraft:furnace":5,"minecraft:iron_ore":20,"minecraft:fire":1,"minecraft:barrel":1,"minecraft:moss_carpet":1,"minecraft:cave_vines":2,"minecraft:deepslate_iron_ore":19,"minecraft:vine":25,"minecraft:azalea":3,"minecraft:stone":45,"minecraft:bone_block":10,"bushierflowers:grown_poppy":2,"minecraft:flowering_azalea":2,"minecraft:red_bed":1,"minecraft:blackstone":14,"galosphere:deepslate_silver_ore":3,"minecraft:powder_snow":2,"minecraft:clay":1,"minecraft:crafting_table":12,"minecraft:torch":1,"minecraft:melon":19,"minecraft:dead_bush":1,"minecraft:andesite_slab":1,"minecraft:stone_slab":1,"minecraft:tall_grass":30,"minecraft:copper_ore":2,"minecraft:cobblestone":2,"minecraft:deepslate_gold_ore":1,"minecraft:grindstone":1,"minecraft:oak_planks":10,"minecraft:sugar_cane":2,"minecraft:damaged_anvil":1,"minecraft:diorite":14,"minecraft:big_dripleaf":1,"minecraft:wall_torch":2,"minecraft:seagrass":1,"minecraft:coarse_dirt":1,"born_in_chaos_v1:river_mint":1,"minecraft:grass":105,"mekanism:deepslate_tin_ore":3,"minecraft:oak_log":55,"minecraft:coal_ore":10,"minecraft:cocoa":1,"minecraft:dirt":9,"mekanism:deepslate_uranium_ore":2,"minecraft:stone_bricks":5,"minecraft:mossy_stone_bricks":1,"minecraft:oak_leaves":23,"minecraft:fern":18,"minecraft:deepslate":85},"minecraft:used":{"minecraft:moss_block":5,"minecraft:moss_carpet":2,"iceandfire:dragon_skull_ice":1,"minecraft:bone_block":7,"minecraft:poppy":2,"minecraft:chest":2,"minecraft:shield":26,"minecraft:iron_sword":28,"minecraft:player_head":8,"minecraft:rotten_flesh":2,"minecraft:torch":24,"minecraft:dirt":14,"minecraft:jungle_planks":25,"minecraft:wooden_axe":47,"born_in_chaos_v1:corpse_maggot":1,"minecraft:dark_oak_planks":1,"minecraft:flowering_azalea":2,"minecraft:lava_bucket":1,"minecraft:rooted_dirt":1,"minecraft:jungle_log":1,"minecraft:iron_helmet":1,"minecraft:iron_boots":1,"minecraft:bow":10,"minecraft:furnace":7,"minecraft:oak_sapling":1,"tombstone:gift":4,"minecraft:egg":1,"minecraft:powder_snow_bucket":1,"minecraft:cooked_mutton":76,"minecraft:mossy_stone_bricks":1,"minecraft:water_bucket":17,"minecraft:diorite":3,"minecraft:damaged_anvil":1,"minecraft:stone_pickaxe":104,"minecraft:oak_planks":63,"minecraft:wooden_pickaxe":25,"iceandfire:dragon_skull_lightning":1,"minecraft:jungle_boat":3,"minecraft:oak_leaves":1,"minecraft:golden_apple":2,"minecraft:glow_berries":7,"minecraft:crafting_table":18,"minecraft:red_bed":1,"smarter_mobs:spider_web":1,"enderio:dark_steel_sword":115,"minecraft:diamond_pickaxe":1,"minecraft:bread":1,"born_in_chaos_v1:monster_flesh":1,"minecraft:melon_slice":50,"minecraft:iron_pickaxe":155,"minecraft:stone_axe":23,"minecraft:cobblestone":2,"minecraft:grindstone":1,"minecraft:bucket":20,"alexsmobs:animal_dictionary":1,"minecraft:oak_boat":6,"minecraft:coarse_dirt":1},"minecraft:crafted":{"minecraft:wooden_sword":1,"minecraft:oak_planks":156,"minecraft:furnace":2,"minecraft:iron_boots":1,"minecraft:iron_axe":1,"minecraft:stone_pickaxe":1,"minecraft:chest":2,"minecraft:crafting_table":13,"minecraft:jungle_boat":2,"minecraft:wooden_pickaxe":2,"minecraft:iron_helmet":1,"minecraft:iron_sword":1,"minecraft:bucket":1,"minecraft:stone_axe":1,"minecraft:air":0,"minecraft:jungle_planks":144,"minecraft:oak_boat":3,"minecraft:iron_chestplate":1,"minecraft:diamond_pickaxe":1,"minecraft:shield":1,"minecraft:stick":16,"minecraft:iron_ingot":41,"minecraft:iron_pickaxe":1,"minecraft:wooden_axe":1,"minecraft:iron_leggings":1,"enderio:dark_steel_sword":1,"minecraft:torch":8},"minecraft:picked_up":{"iceandfire:dragon_skull_lightning":1,"minecraft:cocoa_beans":9,"minecraft:crafting_table":11,"minecraft:coarse_dirt":1,"minecraft:azure_bluet":1,"minecraft:clay_ball":4,"minecraft:leather_leggings":1,"mekanism:raw_uranium":4,"minecraft:stone_slab":1,"spelunkers_charm:deepslate_rock":4,"tombstone:grave_key":6,"minecraft:string":3,"minecraft:red_bed":1,"minecraft:moss_carpet":4,"minecraft:raw_copper":24,"minecraft:blackstone":3,"minecraft:cobbled_deepslate":220,"alexsmobs:banana":3,"minecraft:andesite_stairs":1,"minecraft:oak_boat":3,"minecraft:azalea":3,"minecraft:jungle_sapling":1,"minecraft:poppy":2,"minecraft:melon_slice":91,"minecraft:sugar_cane":2,"minecraft:furnace":5,"minecraft:egg":1,"minecraft:dark_oak_sapling":2,"minecraft:raw_iron":42,"minecraft:stick":11,"minecraft:stone":2,"minecraft:big_dripleaf":9,"born_in_chaos_v1:phantom_powder":2,"minecraft:torch":17,"minecraft:cherry_log":4,"tombstone:grave_dust":5,"minecraft:diorite":15,"mekanism:raw_tin":3,"minecraft:dark_oak_planks":2,"iceandfire:dragon_skull_ice":1,"slenderman:slender_book":1,"minecraft:arrow":11,"minecraft:rotten_flesh":29,"minecraft:glow_berries":4,"minecraft:mutton":4,"minecraft:bone_block":10,"minecraft:white_wool":2,"minecraft:cobblestone":49,"born_in_chaos_v1:corpse_maggot":7,"minecraft:magma_block":14,"minecraft:jungle_boat":1,"minecraft:golden_carrot":1,"born_in_chaos_v1:monster_flesh":4,"minecraft:jungle_log":42,"minecraft:flint":2,"minecraft:tuff":9,"minecraft:oak_log":55,"minecraft:gunpowder":5,"smarter_mobs:spider_web":4,"minecraft:dirt":22,"born_in_chaos_v1:monster_skin":1,"minecraft:cooked_mutton":108,"minecraft:bone":13,"minecraft:apple":3,"minecraft:stone_bricks":5,"minecraft:bow":1,"minecraft:wheat_seeds":21,"minecraft:raw_gold":1,"minecraft:grindstone":1,"minecraft:iron_ingot":3,"minecraft:oak_planks":12,"minecraft:bamboo":2,"tombstone:bag_of_seeds":1,"enderio:dark_steel_sword":1,"minecraft:mossy_stone_bricks":1,"galosphere:raw_silver":6,"minecraft:moss_block":17,"minecraft:flowering_azalea":2,"minecraft:acacia_sapling":1,"born_in_chaos_v1:ethereal_spirit":1,"minecraft:gravel":5,"minecraft:jungle_planks":7,"born_in_chaos_v1:dark_rod":3,"alexsmobs:animal_dictionary":2,"minecraft:barrel":1,"undead_revamp2:rawbostrox":2,"minecraft:diamond":3,"minecraft:stone_axe":1,"minecraft:golden_apple":2,"minecraft:golden_horse_armor":1,"minecraft:bread":1,"minecraft:rooted_dirt":1,"minecraft:oak_sapling":15,"minecraft:damaged_anvil":1,"minecraft:andesite_slab":2,"minecraft:coal":16,"minecraft:oak_leaves":1},"minecraft:killed":{"undead_revamp2:thegliter":2,"born_in_chaos_v1:zombie_lumberjack":2,"minecraft:spider":6,"undead_revamp2:axestrom":2,"born_in_chaos_v1:zombie_bruiser":2,"born_in_chaos_v1:maggot":6,"creeperoverhaul:bamboo_creeper":2,"minecraft:skeleton":20,"undead_revamp2:thehorrors":2,"undead_revamp2:thespitter":4,"minecraft:creeper":2,"born_in_chaos_v1:decrepit_skeleton":2,"minecraft:sheep":4,"undead_revamp2:thesomnolence":2,"minecraft:zombie":12,"born_in_chaos_v1:dread_hound":4,"born_in_chaos_v1:corpse_fly":10,"born_in_chaos_v1:dark_vortex":2,"born_in_chaos_v1:door_knight":4},"minecraft:custom":{"minecraft:interact_with_anvil":1,"minecraft:mob_kills":47,"minecraft:interact_with_crafting_table":57,"minecraft:open_barrel":10,"minecraft:damage_dealt_resisted":1965,"minecraft:leave_game":4,"minecraft:time_since_death":19780,"minecraft:climb_one_cm":42832,"minecraft:sprint_one_cm":444999,"minecraft:walk_one_cm":324302,"minecraft:damage_blocked_by_shield":1335,"minecraft:drop":162,"minecraft:talked_to_villager":13,"minecraft:play_time":187556,"minecraft:deaths":18,"minecraft:sneak_time":4500,"minecraft:walk_under_water_one_cm":60377,"minecraft:jump":4772,"minecraft:interact_with_blast_furnace":6,"minecraft:walk_on_water_one_cm":47071,"minecraft:total_world_time":187556,"minecraft:interact_with_furnace":40,"minecraft:time_since_rest":19466,"minecraft:waystone_activated":1,"minecraft:damage_taken":11807,"minecraft:damage_absorbed":40,"minecraft:damage_dealt":7737,"minecraft:swim_one_cm":191317,"minecraft:fly_one_cm":632984,"minecraft:open_chest":25,"minecraft:crouch_one_cm":4850,"tombstone:undead_killed":25,"minecraft:fall_one_cm":107768},"minecraft:dropped":{"minecraft:enchanted_book":1,"minecraft:moss_block":17,"minecraft:wheat_seeds":20,"minecraft:cherry_log":4,"minecraft:oak_log":16,"slenderman:slender_book":2,"minecraft:cobblestone":32,"minecraft:glow_berries":4,"minecraft:apple":3,"minecraft:jungle_planks":6,"minecraft:flint":2,"minecraft:stick":3,"born_in_chaos_v1:monster_flesh":3,"minecraft:dirt":4,"minecraft:diorite":12,"tombstone:grave_key":10,"mekanism:raw_uranium":2,"minecraft:wooden_axe":1,"tombstone:grave_dust":1,"minecraft:jungle_sapling":1,"minecraft:string":1,"minecraft:stone_axe":1,"minecraft:gravel":5,"minecraft:moss_carpet":2,"minecraft:blackstone":3,"minecraft:cocoa_beans":9,"alexsmobs:animal_dictionary":3,"minecraft:cobbled_deepslate":220,"minecraft:raw_copper":24,"minecraft:tuff":7,"minecraft:rotten_flesh":26,"minecraft:oak_planks":4,"enderio:dark_steel_ingot":1,"minecraft:clay_ball":4,"minecraft:cooked_mutton":23,"minecraft:azure_bluet":1,"smarter_mobs:spider_web":3,"minecraft:big_dripleaf":9,"minecraft:stone":2,"minecraft:gunpowder":2,"born_in_chaos_v1:corpse_maggot":7,"minecraft:jungle_log":3,"minecraft:azalea":3,"minecraft:oak_sapling":14,"enderio:dark_steel_sword":1,"minecraft:bamboo":2,"minecraft:wooden_pickaxe":1,"minecraft:stone_pickaxe":1,"minecraft:raw_gold":1,"alexsmobs:banana":3,"minecraft:magma_block":14,"undead_revamp2:rawbostrox":2}},"DataVersion":3465}