{"stats":{"minecraft:killed_by":{"undead_revamp2:the_moonflower":1,"iceandfire:siren":2,"born_in_chaos_v1:baby_skeleton":1,"undead_revamp2:clogger":1,"undead_revamp2:thepregnant":1,"minecraft:husk":1,"minecraft:warden":1,"iceandfire:lightning_dragon":1,"born_in_chaos_v1:corpse_fish":1},"minecraft:mined":{"minecraft:dark_oak_planks":3,"minecraft:andesite_stairs":1,"minecraft:cherry_log":76,"minecraft:sculk_vein":7,"minecraft:jungle_leaves":3,"minecraft:obsidian":10,"minecraft:granite":8,"minecraft:cave_vines_plant":6,"minecraft:grass_block":12,"minecraft:jungle_log":16,"minecraft:spawner":1,"iceandfire:crackled_cobblestone":15,"minecraft:tall_seagrass":1,"minecraft:magma_block":16,"minecraft:iron_ore":28,"minecraft:barrel":1,"minecraft:fire":1,"minecraft:moss_carpet":1,"minecraft:dark_oak_stairs":1,"minecraft:cave_vines":2,"iceandfire:gold_pile":64,"minecraft:azalea":3,"bushierflowers:grown_poppy":3,"minecraft:player_head":4,"mekanism:osmium_ore":1,"minecraft:red_bed":1,"minecraft:blackstone":45,"minecraft:soul_fire":11,"minecraft:powder_snow":42,"minecraft:clay":1,"minecraft:torch":1,"minecraft:blast_furnace":1,"minecraft:calcite":7,"minecraft:poppy":1,"minecraft:melon":19,"minecraft:dead_bush":1,"minecraft:cobblestone":3,"minecraft:grindstone":1,"minecraft:oak_planks":15,"minecraft:sugar_cane":2,"minecraft:damaged_anvil":2,"minecraft:wall_torch":3,"minecraft:seagrass":1,"minecraft:dark_oak_slab":1,"iceandfire:crackled_stone":27,"minecraft:wheat":71,"born_in_chaos_v1:river_mint":1,"minecraft:grass":323,"mekanism:deepslate_tin_ore":3,"minecraft:oak_log":208,"minecraft:dirt":23,"minecraft:oak_leaves":30,"minecraft:deepslate":88,"alexscaves:spelunkery_table":1,"minecraft:diamond_ore":1,"minecraft:tuff":5,"iceandfire:silver_ore":2,"minecraft:deepslate_diamond_ore":4,"minecraft:gray_stained_glass_pane":2,"minecraft:glow_lichen":1,"minecraft:decorated_pot":2,"minecraft:jungle_planks":7,"travelersbackpack:white_sleeping_bag":1,"minecraft:spruce_leaves":1,"minecraft:moss_block":9,"minecraft:rooted_dirt":1,"minecraft:large_fern":8,"minecraft:hay_block":13,"spelunkers_charm:deepslate_rock_pile_1":1,"minecraft:furnace":5,"minecraft:peony":1,"minecraft:bookshelf":2,"minecraft:deepslate_iron_ore":25,"minecraft:vine":25,"minecraft:stone":50,"minecraft:bone_block":10,"minecraft:oak_slab":1,"minecraft:flowering_azalea":2,"galosphere:deepslate_silver_ore":3,"minecraft:crafting_table":16,"spelunkers_charm:dead_grass":5,"minecraft:andesite_slab":1,"minecraft:sculk_sensor":42,"minecraft:stone_slab":1,"minecraft:tall_grass":163,"minecraft:copper_ore":2,"minecraft:deepslate_gold_ore":6,"minecraft:lapis_ore":7,"minecraft:sculk":65,"minecraft:big_dripleaf":1,"minecraft:diorite":14,"minecraft:gray_wool":1,"minecraft:black_stained_glass":2,"minecraft:coarse_dirt":3,"minecraft:sweet_berry_bush":4,"minecraft:coal_ore":38,"minecraft:cocoa":1,"minecraft:zombie_head":1,"minecraft:sunflower":1,"minecraft:cyan_carpet":7,"mekanism:deepslate_uranium_ore":2,"minecraft:stone_bricks":5,"minecraft:mossy_stone_bricks":1,"minecraft:gold_ore":4,"minecraft:fern":20},"minecraft:used":{"minecraft:moss_block":5,"minecraft:moss_carpet":2,"iceandfire:dragon_skull_ice":1,"minecraft:bone_block":7,"minecraft:poppy":4,"minecraft:decorated_pot":1,"minecraft:chest":2,"minecraft:shield":100,"minecraft:iron_sword":58,"minecraft:grass":2,"minecraft:player_head":25,"minecraft:rotten_flesh":14,"minecraft:iron_chestplate":1,"minecraft:jungle_planks":25,"minecraft:carrot":11,"minecraft:obsidian":2,"born_in_chaos_v1:corpse_maggot":4,"born_in_chaos_v1:smoked_flesh":1,"minecraft:lava_bucket":1,"minecraft:iron_helmet":2,"minecraft:dark_oak_slab":1,"minecraft:magma_block":2,"minecraft:bow":40,"minecraft:hay_block":1,"minecraft:sweet_berries":26,"minecraft:oak_sapling":1,"minecraft:furnace":7,"minecraft:egg":24,"minecraft:mossy_stone_bricks":1,"minecraft:diorite":3,"minecraft:damaged_anvil":1,"minecraft:stone_pickaxe":104,"minecraft:oak_planks":89,"minecraft:blackstone":16,"minecraft:wooden_pickaxe":48,"minecraft:white_wool":1,"minecraft:jungle_boat":3,"minecraft:oak_leaves":1,"minecraft:golden_apple":3,"minecraft:glow_berries":7,"minecraft:mushroom_stew":2,"minecraft:blast_furnace":1,"minecraft:shears":2,"enderio:dark_steel_sword":363,"minecraft:zombie_head":2,"born_in_chaos_v1:monster_flesh":1,"minecraft:bread":56,"minecraft:melon_slice":84,"tombstone:grave_key":2,"minecraft:grindstone":1,"minecraft:oak_boat":6,"minecraft:coarse_dirt":3,"minecraft:enchanting_table":1,"born_in_chaos_v1:ethereal_spirit":10,"minecraft:cooked_chicken":3,"minecraft:torch":43,"minecraft:dirt":44,"iceandfire:armor_silver_metal_helmet":1,"minecraft:granite":1,"minecraft:iron_hoe":38,"minecraft:wooden_axe":47,"minecraft:dark_oak_planks":2,"minecraft:flowering_azalea":2,"minecraft:iron_axe":299,"minecraft:rooted_dirt":1,"minecraft:jungle_log":1,"minecraft:iron_boots":3,"alexscaves:spelunkery_table":1,"minecraft:golden_carrot":13,"tombstone:gift":8,"minecraft:powder_snow_bucket":1,"minecraft:iron_leggings":2,"minecraft:cooked_mutton":92,"minecraft:water_bucket":78,"minecraft:bundle":3,"iceandfire:crackled_stone":22,"iceandfire:dragon_skull_lightning":1,"minecraft:oak_slab":1,"minecraft:crafting_table":25,"minecraft:red_bed":1,"bosses_of_mass_destruction:soul_star":2,"smarter_mobs:spider_web":1,"tombstone:tablet_of_home":4,"iceandfire:armor_silver_metal_chestplate":1,"minecraft:diamond_pickaxe":214,"minecraft:apple":9,"minecraft:iron_pickaxe":155,"travelersbackpack:white_sleeping_bag":1,"minecraft:stone_axe":26,"iceandfire:crackled_cobblestone":2,"minecraft:cobblestone":130,"minecraft:bucket":81,"alexsmobs:animal_dictionary":1},"minecraft:crafted":{"minecraft:oak_planks":212,"spartanshields:wooden_tower_shield":2,"minecraft:cooked_mutton":1,"minecraft:glass":12,"minecraft:bow":1,"minecraft:iron_boots":2,"tombstone:grave_key":2,"minecraft:chest":2,"spartanshields:diamond_tower_shield":2,"minecraft:crafting_table":15,"minecraft:spruce_planks":8,"minecraft:jungle_boat":2,"minecraft:iron_helmet":2,"minecraft:wooden_pickaxe":3,"minecraft:iron_chestplate":1,"minecraft:diamond_pickaxe":1,"minecraft:shield":2,"minecraft:stick":24,"born_in_chaos_v1:smoked_flesh":1,"minecraft:iron_ingot":50,"minecraft:iron_pickaxe":1,"minecraft:gold_ingot":5,"enderio:dark_steel_sword":1,"minecraft:golden_carrot":11,"minecraft:wooden_sword":1,"minecraft:furnace":2,"travelersbackpack:white_sleeping_bag":2,"minecraft:iron_axe":1,"minecraft:iron_hoe":1,"minecraft:stone_pickaxe":1,"minecraft:wheat":144,"minecraft:enchanting_table":1,"travelersbackpack:backpack_tank":2,"minecraft:iron_sword":1,"minecraft:bucket":1,"minecraft:stone_axe":1,"minecraft:jungle_planks":144,"minecraft:bread":49,"minecraft:air":0,"minecraft:oak_boat":3,"minecraft:gold_nugget":90,"minecraft:wooden_axe":1,"minecraft:iron_leggings":1,"minecraft:torch":24},"minecraft:picked_up":{"minecraft:iron_chestplate":1,"minecraft:wheat":60,"mekanism:raw_uranium":4,"minecraft:stone_slab":1,"tombstone:grave_key":8,"minecraft:string":4,"minecraft:raw_copper":24,"minecraft:iron_leggings":1,"minecraft:zombie_head":2,"minecraft:cobbled_deepslate":223,"minecraft:gold_nugget":628,"alexsmobs:banana":3,"bosses_of_mass_destruction:soul_star":2,"minecraft:calcite":7,"minecraft:azalea":3,"minecraft:melon_slice":91,"minecraft:furnace":5,"minecraft:tipped_arrow":1,"minecraft:stick":55,"born_in_chaos_v1:shattered_skull":1,"minecraft:big_dripleaf":9,"born_in_chaos_v1:phantom_powder":2,"minecraft:torch":19,"iceandfire:rotten_egg":1,"minecraft:cherry_log":68,"tombstone:grave_dust":7,"minecraft:diorite":15,"mekanism:raw_tin":3,"minecraft:rotten_flesh":72,"farmersdelight:onion":1,"minecraft:obsidian":8,"minecraft:cobblestone":55,"minecraft:birch_log":1,"minecraft:magma_block":16,"minecraft:jungle_log":42,"paraglider:spirit_orb":2,"minecraft:flint":2,"minecraft:tuff":9,"minecraft:lapis_lazuli":44,"minecraft:dirt":66,"smarter_mobs:spider_web":5,"born_in_chaos_v1:monster_skin":1,"minecraft:bone":34,"minecraft:bow":6,"minecraft:wheat_seeds":300,"minecraft:raw_gold":10,"minecraft:grindstone":1,"enderio:dark_steel_sword":2,"minecraft:mossy_stone_bricks":1,"minecraft:bamboo":2,"galosphere:raw_silver":6,"minecraft:moss_block":17,"minecraft:oak_planks":16,"minecraft:jungle_planks":7,"minecraft:barrel":1,"alexsmobs:animal_dictionary":2,"travelersbackpack:white_sleeping_bag":1,"minecraft:bundle":2,"minecraft:diamond":8,"iceandfire:crackled_stone":31,"minecraft:granite":12,"minecraft:grass":2,"minecraft:bone_meal":2,"minecraft:golden_apple":3,"minecraft:spruce_sign":2,"minecraft:golden_horse_armor":1,"minecraft:bread":1,"minecraft:rooted_dirt":1,"minecraft:oak_sapling":49,"born_in_chaos_v1:rotten_fish":4,"minecraft:oak_leaves":1,"minecraft:andesite_slab":2,"iceandfire:raw_silver":2,"iceandfire:dragon_skull_lightning":1,"minecraft:cocoa_beans":9,"minecraft:coarse_dirt":7,"minecraft:crafting_table":15,"minecraft:azure_bluet":1,"iceandfire:witherbone":1,"born_in_chaos_v1:river_mint":1,"minecraft:clay_ball":4,"minecraft:leather_leggings":1,"minecraft:wooden_pickaxe":1,"spelunkers_charm:deepslate_rock":4,"minecraft:shield":1,"minecraft:red_bed":1,"minecraft:moss_carpet":4,"minecraft:cyan_carpet":20,"minecraft:iron_shovel":1,"minecraft:blackstone":35,"minecraft:beef":3,"minecraft:andesite_stairs":1,"minecraft:oak_boat":3,"minecraft:player_head":11,"minecraft:jungle_sapling":1,"minecraft:poppy":5,"minecraft:sugar_cane":2,"minecraft:egg":30,"minecraft:dark_oak_sapling":2,"minecraft:raw_iron":55,"minecraft:stone":2,"minecraft:dark_oak_planks":3,"iceandfire:dragon_skull_ice":1,"slenderman:slender_book":1,"minecraft:arrow":55,"minecraft:decorated_pot":1,"minecraft:hay_block":15,"alexscaves:spelunkery_table":1,"minecraft:glow_berries":4,"minecraft:mutton":6,"minecraft:white_wool":16,"minecraft:skeleton_skull":1,"minecraft:bone_block":10,"born_in_chaos_v1:corpse_maggot":11,"minecraft:jungle_boat":1,"minecraft:golden_carrot":2,"born_in_chaos_v1:monster_flesh":5,"minecraft:leather":2,"minecraft:oak_log":277,"minecraft:gunpowder":9,"minecraft:cooked_mutton":114,"minecraft:apple":4,"minecraft:stone_bricks":7,"minecraft:iron_ingot":6,"minecraft:cooked_chicken":3,"tombstone:bag_of_seeds":1,"minecraft:acacia_sapling":1,"minecraft:iron_sword":3,"minecraft:flowering_azalea":2,"iceandfire:crackled_cobblestone":21,"minecraft:book":6,"minecraft:oak_slab":1,"minecraft:dark_oak_slab":1,"minecraft:sweet_berries":91,"born_in_chaos_v1:ethereal_spirit":1,"minecraft:gravel":7,"born_in_chaos_v1:dark_rod":3,"minecraft:blast_furnace":1,"minecraft:spruce_log":2,"mekanism:raw_osmium":1,"undead_revamp2:rawbostrox":2,"minecraft:stone_axe":1,"minecraft:cherry_sapling":24,"minecraft:gray_wool":1,"minecraft:damaged_anvil":2,"minecraft:coal":45},"minecraft:killed":{"born_in_chaos_v1:zombie_lumberjack":6,"minecraft:spider":8,"undead_revamp2:axestrom":2,"undead_revamp2:theswarmer":2,"creeperoverhaul:bamboo_creeper":2,"minecraft:skeleton":46,"undead_revamp2:thespitter":4,"minecraft:creeper":6,"minecraft:sheep":6,"minecraft:zombie":36,"born_in_chaos_v1:dread_hound":6,"born_in_chaos_v1:corpse_fly":18,"born_in_chaos_v1:door_knight":4,"minecraft:cow":2,"undead_revamp2:thehunter":4,"undead_revamp2:thegliter":2,"born_in_chaos_v1:zombie_bruiser":4,"born_in_chaos_v1:maggot":6,"undead_revamp2:thebidy":2,"undead_revamp2:thehorrors":2,"minecraft:husk":44,"undead_revamp2:the_moonflower":6,"born_in_chaos_v1:decrepit_skeleton":8,"undead_revamp2:thesomnolence":2,"born_in_chaos_v1:dark_vortex":2},"minecraft:custom":{"minecraft:interact_with_crafting_table":88,"minecraft:open_barrel":23,"minecraft:bell_ring":3,"minecraft:leave_game":8,"minecraft:time_since_death":58963,"minecraft:sprint_one_cm":1267245,"minecraft:damage_blocked_by_shield":7090,"minecraft:drop":356,"minecraft:talked_to_villager":18,"minecraft:play_time":469166,"minecraft:deaths":45,"minecraft:jump":10874,"minecraft:walk_on_water_one_cm":66620,"minecraft:interact_with_furnace":57,"minecraft:interact_with_loom":2,"minecraft:waystone_activated":2,"tombstone:sneak_grave":1,"minecraft:damage_dealt":21288,"minecraft:crouch_one_cm":80625,"tombstone:undead_killed":85,"minecraft:interact_with_smoker":1,"minecraft:interact_with_smithing_table":2,"minecraft:interact_with_anvil":2,"minecraft:mob_kills":122,"minecraft:damage_dealt_resisted":2015,"minecraft:climb_one_cm":100749,"minecraft:walk_one_cm":907894,"minecraft:sneak_time":30486,"minecraft:walk_under_water_one_cm":73540,"minecraft:interact_with_blast_furnace":25,"minecraft:total_world_time":469166,"minecraft:time_since_rest":58263,"minecraft:damage_taken":26000,"minecraft:damage_absorbed":81,"minecraft:swim_one_cm":198895,"minecraft:fly_one_cm":1787553,"minecraft:open_chest":215,"minecraft:fall_one_cm":314462},"minecraft:dropped":{"minecraft:spruce_sign":2,"minecraft:iron_sword":2,"iceandfire:raw_silver":2,"minecraft:moss_block":17,"minecraft:lapis_lazuli":16,"minecraft:oak_log":90,"minecraft:diamond":6,"slenderman:slender_book":2,"minecraft:glow_berries":4,"minecraft:leather":2,"minecraft:jungle_planks":6,"minecraft:flint":2,"born_in_chaos_v1:monster_flesh":3,"minecraft:dirt":31,"minecraft:mutton":2,"minecraft:jungle_sapling":1,"farmersdelight:onion":1,"minecraft:bone_meal":2,"minecraft:birch_log":1,"minecraft:cyan_carpet":20,"minecraft:bone":3,"minecraft:gravel":7,"minecraft:stone_axe":2,"minecraft:blackstone":18,"alexsmobs:animal_dictionary":3,"minecraft:cobbled_deepslate":220,"minecraft:wheat":1,"minecraft:obsidian":2,"minecraft:oak_planks":5,"minecraft:rotten_flesh":84,"enderio:dark_steel_ingot":1,"minecraft:cooked_mutton":23,"minecraft:azure_bluet":1,"smarter_mobs:spider_web":4,"minecraft:poppy":1,"minecraft:tipped_arrow":1,"minecraft:gunpowder":6,"minecraft:skeleton_skull":2,"born_in_chaos_v1:corpse_maggot":8,"minecraft:jungle_log":3,"minecraft:azalea":3,"iceandfire:crackled_cobblestone":19,"minecraft:arrow":6,"minecraft:beef":3,"alexsmobs:banana":3,"undead_revamp2:rawbostrox":2,"minecraft:egg":1,"minecraft:enchanted_book":1,"minecraft:wheat_seeds":295,"minecraft:cherry_log":4,"minecraft:cobblestone":32,"minecraft:apple":4,"minecraft:granite":11,"minecraft:coal":30,"minecraft:stick":5,"mca:book_romance":1,"galosphere:raw_silver":6,"minecraft:diorite":12,"born_in_chaos_v1:river_mint":2,"tombstone:grave_key":15,"mekanism:raw_uranium":4,"minecraft:wooden_axe":1,"tombstone:grave_dust":2,"mekanism:raw_osmium":1,"minecraft:iron_axe":1,"minecraft:iron_shovel":1,"minecraft:string":1,"minecraft:moss_carpet":2,"minecraft:sweet_berries":1,"minecraft:player_head":16,"minecraft:coarse_dirt":4,"minecraft:cocoa_beans":9,"minecraft:raw_copper":24,"minecraft:bowl":2,"minecraft:tuff":7,"born_in_chaos_v1:rotten_fish":4,"minecraft:clay_ball":4,"minecraft:big_dripleaf":9,"minecraft:stone":2,"minecraft:oak_sapling":48,"enderio:dark_steel_sword":2,"minecraft:stone_bricks":2,"minecraft:bamboo":2,"minecraft:bow":3,"minecraft:stone_pickaxe":1,"minecraft:wooden_pickaxe":3,"minecraft:raw_gold":1,"iceandfire:crackled_stone":10,"minecraft:calcite":1,"minecraft:magma_block":14},"minecraft:broken":{"minecraft:iron_boots":1,"minecraft:shield":2,"minecraft:iron_helmet":1}},"DataVersion":3465}