{"stats":{"minecraft:crafted":{"minecraft:smooth_stone":4,"mekanism:ingot_osmium":8,"minecraft:birch_boat":1,"luckys_armory:heavy_iron_armor_boots":1,"minecraft:cooked_mutton":5,"minecraft:diamond_helmet":1,"minecraft:diamond_leggings":1,"galosphere:silver_ingot":28,"mekanism:ingot_tin":9,"minecraft:cooked_porkchop":3,"minecraft:acacia_slab":48,"minecraft:copper_ingot":6,"born_in_chaos_v1:smoked_flesh":2,"minecraft:iron_pickaxe":3,"enderio:dark_steel_sword":1,"luckys_armory:heavy_iron_armor_leggings":1,"minecraft:smooth_stone_slab":6,"minecraft:bone_meal":24,"mekanism:ingot_uranium":6,"minecraft:ladder":21,"minecraft:stone_pickaxe":4,"minecraft:diamond_boots":2,"minecraft:spruce_boat":2,"iceandfire:armor_silver_metal_boots":1,"minecraft:dark_oak_planks":4,"minecraft:wheat":81,"iceandfire:dragonbone_sword":1,"minecraft:birch_trapdoor":2,"minecraft:wooden_axe":5,"minecraft:iron_shovel":3,"minecraft:iron_leggings":3,"iceandfire:silver_pickaxe":1,"minecraft:oak_planks":384,"minecraft:stone":10,"minecraft:bow":1,"minecraft:iron_boots":5,"tombstone:grave_key":3,"minecraft:chest":11,"minecraft:oak_button":1,"minecraft:crafting_table":20,"minecraft:spruce_planks":60,"minecraft:wooden_pickaxe":1,"minecraft:iron_helmet":5,"minecraft:birch_planks":116,"luckys_armory:heavy_iron_armor_chestplate":1,"luckys_armory:heavy_iron_armor_helmet":1,"born_in_chaos_v1:staffofthe_summoner":1,"minecraft:iron_chestplate":5,"minecraft:charcoal":7,"minecraft:shield":7,"minecraft:stick":185,"minecraft:iron_ingot":121,"minecraft:stone_sword":1,"minecraft:shears":1,"minecraft:raw_iron":9,"minecraft:furnace":4,"born_in_chaos_v1:bone_handle":1,"minecraft:cooked_beef":4,"minecraft:red_dye":4,"iceandfire:silver_ingot":5,"minecraft:iron_sword":2,"minecraft:mangrove_planks":12,"minecraft:bucket":3,"minecraft:stone_axe":1,"minecraft:bread":27,"minecraft:air":0,"minecraft:jungle_planks":52,"minecraft:oak_boat":9,"iceandfire:armor_silver_metal_helmet":1,"minecraft:acacia_planks":68,"minecraft:torch":220,"minecraft:diamond_chestplate":1},"minecraft:picked_up":{"minecraft:iron_chestplate":1,"minecraft:flower_pot":2,"minecraft:anvil":2,"mekanism:raw_uranium":11,"minecraft:lead":1,"minecraft:oak_stairs":3,"minecraft:enchanted_book":5,"minecraft:brewing_stand":1,"minecraft:amethyst_block":11,"minecraft:string":36,"alexsmobs:emu_feather":1,"minecraft:diamond_leggings":1,"minecraft:cobbled_deepslate":162,"bosses_of_mass_destruction:soul_star":5,"minecraft:spruce_planks":9,"minecraft:melon_slice":4,"minecraft:spruce_pressure_plate":1,"born_in_chaos_v1:shattered_skull":3,"minecraft:composter":1,"minecraft:big_dripleaf":3,"minecraft:acacia_log":18,"mekanism:raw_tin":10,"minecraft:cauldron":4,"minecraft:honey_bottle":1,"farmersdelight:rope":127,"minecraft:waxed_cut_copper":8,"minecraft:birch_log":33,"minecraft:magma_block":76,"minecraft:feather":2,"farmersdelight:rice":26,"born_in_chaos_v1:spiritual_dust":5,"minecraft:birch_slab":1,"minecraft:jungle_log":25,"minecraft:smoker":1,"farmersdelight:tomato":2,"smarter_mobs:spider_web":14,"minecraft:lantern":1,"born_in_chaos_v1:marigolds":1,"enderio:dark_steel_sword":2,"minecraft:glowstone_dust":4,"galosphere:raw_silver":30,"minecraft:moss_block":1,"enderio:dark_steel_ingot":3,"endrem:lost_eye":2,"minecraft:stripped_spruce_log":11,"minecraft:barrel":1,"alexsmobs:animal_dictionary":1,"minecraft:bundle":6,"immersive_melodies:piano":1,"alexsmobs:kangaroo_hide":1,"iceandfire:crackled_stone":72,"minecraft:granite":44,"minecraft:chainmail_helmet":1,"minecraft:bread":7,"minecraft:rooted_dirt":2,"alexsmobs:maggot":2,"born_in_chaos_v1:rotten_fish":17,"minecraft:crimson_roots":1,"iceandfire:raw_silver":6,"minecraft:diamond_pickaxe":2,"iceandfire:dragon_skull_lightning":3,"minecraft:coarse_dirt":8,"minecraft:crafting_table":11,"minecraft:clay_ball":4,"born_in_chaos_v1:seedof_chaos":6,"minecraft:leather_leggings":1,"friendsandfoes:totem_of_illusion":1,"minecraft:red_bed":12,"born_in_chaos_v1:intoxicating_decoction":1,"minecraft:iron_shovel":1,"minecraft:beef":12,"born_in_chaos_v1:gnawed_bones":2,"minecraft:iron_nugget":4,"minecraft:poppy":4,"minecraft:spruce_slab":5,"minecraft:chest":5,"minecraft:birch_sapling":2,"minecraft:diamond_hoe":1,"minecraft:egg":69,"minecraft:sandstone":10,"minecraft:raw_gold_block":1,"minecraft:spruce_fence":2,"farmersdelight:tomato_seeds":26,"minecraft:mangrove_sign":2,"born_in_chaos_v1:pieceofdarkmetal":1,"minecraft:carrot":1,"minecraft:redstone":17,"iceandfire:dragon_skull_ice":4,"twilightforest:magic_beans":1,"minecraft:beetroot_seeds":10,"born_in_chaos_v1:wood_splitter_axe":1,"minecraft:diamond_boots":1,"minecraft:hay_block":11,"tombstone:essence_of_undeath":1,"undead_revamp2:the_somnolenceextract":3,"minecraft:gold_ingot":13,"minecraft:glow_berries":22,"minecraft:mutton":4,"minecraft:rail":123,"minecraft:white_wool":15,"minecraft:stripped_oak_log":6,"born_in_chaos_v1:monster_flesh":11,"mekanism:raw_lead":8,"spelunkers_charm:old_miners_bundle":15,"minecraft:oak_log":104,"farmersdelight:skillet":6,"minecraft:white_banner":1,"tombstone:gift":1,"minecraft:apple":19,"farmersdelight:cooking_pot":1,"enderio:wood_gear":6,"born_in_chaos_v1:smoked_flesh":10,"minecraft:stone_pickaxe":2,"tombstone:bag_of_seeds":7,"minecraft:iron_sword":3,"minecraft:dark_oak_stairs":1,"iceandfire:copper_nugget":188,"minecraft:dark_oak_slab":1,"minecraft:sweet_berries":23,"minecraft:sculk":4,"born_in_chaos_v1:orbofthe_summoner":1,"born_in_chaos_v1:ethereal_spirit":5,"minecraft:torchflower_seeds":2,"minecraft:gravel":4,"minecraft:birch_stairs":4,"minecraft:spruce_sapling":3,"minecraft:spruce_log":7,"minecraft:oak_wood":1,"minecraft:slime_ball":6,"minecraft:stone_axe":1,"tombstone:scroll_of_knowledge":2,"undead_revamp2:beespheromones":1,"minecraft:melon_seeds":17,"minecraft:stripped_dark_oak_log":1,"minecraft:ender_pearl":9,"minecraft:wheat":7,"travelersbackpack:bat":5,"minecraft:potion":3,"tombstone:grave_key":7,"born_in_chaos_v1:black_argillite":3,"minecraft:raw_copper":20,"minecraft:iron_leggings":3,"minecraft:armor_stand":1,"minecraft:zombie_head":1,"minecraft:activator_rail":10,"alexsmobs:banana":3,"minecraft:white_tulip":2,"minecraft:calcite":11,"minecraft:azalea":1,"minecraft:iron_pickaxe":1,"born_in_chaos_v1:stimulating_decoction":2,"farmersdelight:cabbage_seeds":20,"minecraft:iron_boots":1,"minecraft:furnace":7,"minecraft:tipped_arrow":3,"minecraft:stick":35,"minecraft:torch":101,"travelersbackpack:iron_tier_upgrade":1,"minecraft:spruce_stairs":4,"minecraft:porkchop":8,"luckys_armory:heavy_iron_armor_helmet":1,"minecraft:dried_kelp":6,"iceandfire:rotten_egg":2,"tombstone:grave_dust":29,"minecraft:pointed_dripstone":6,"minecraft:diorite":19,"minecraft:mangrove_stairs":1,"minecraft:rotten_flesh":209,"alexsmobs:emu_egg":1,"undead_revamp2:arapholia":4,"minecraft:cod":5,"minecraft:cobblestone":632,"enderio:loot_capacitor":2,"minecraft:pink_petals":6,"minecraft:leather_chestplate":1,"galosphere:spectre_flare":2,"minecraft:andesite":2,"minecraft:potato":1,"paraglider:spirit_orb":12,"minecraft:tuff":21,"minecraft:lapis_lazuli":70,"minecraft:dirt":317,"minecraft:name_tag":9,"born_in_chaos_v1:monster_skin":3,"minecraft:leather_boots":1,"minecraft:bone":102,"minecraft:bow":3,"minecraft:orange_tulip":2,"minecraft:wheat_seeds":67,"minecraft:raw_gold":11,"minecraft:grindstone":1,"minecraft:bamboo":4,"minecraft:powered_rail":17,"minecraft:oak_planks":70,"minecraft:jungle_planks":7,"minecraft:sand":16,"undead_revamp2:acidsack":1,"born_in_chaos_v1:fire_dust":1,"minecraft:diamond":21,"minecraft:spruce_boat":7,"minecraft:soul_lantern":1,"waystones:waystone":2,"iceandfire:dragon_ice":3,"minecraft:bone_meal":6,"minecraft:golden_apple":5,"minecraft:emerald":2,"minecraft:oak_sapling":22,"minecraft:charcoal":7,"minecraft:cocoa_beans":4,"born_in_chaos_v1:diamond_termite_shard":1,"minecraft:ladder":2,"minecraft:brown_mushroom":1,"spelunkers_charm:deepslate_rock":14,"enderio:broken_spawner":4,"minecraft:chain":2,"minecraft:moss_carpet":4,"minecraft:iron_axe":1,"minecraft:item_frame":1,"minecraft:birch_fence":7,"minecraft:cyan_carpet":7,"minecraft:blackstone":141,"minecraft:candle":3,"minecraft:detector_rail":11,"minecraft:oak_boat":10,"minecraft:player_head":10,"minecraft:lectern":85,"minecraft:sugar_cane":3,"minecraft:raw_iron":117,"minecraft:stripped_mangrove_wood":4,"iceandfire:dragonbone":38,"minecraft:copper_ingot":9,"minecraft:stone_pressure_plate":1,"minecraft:purple_terracotta":9,"minecraft:dark_oak_planks":10,"minecraft:arrow":59,"galosphere:silver_upgrade_smithing_template":13,"minecraft:saddle":1,"born_in_chaos_v1:fused_bone":6,"born_in_chaos_v1:corpse_maggot":61,"minecraft:leather":2,"minecraft:birch_planks":2,"minecraft:waxed_copper_block":1,"minecraft:chainmail_chestplate":1,"minecraft:gunpowder":7,"minecraft:cobblestone_stairs":2,"minecraft:cooked_mutton":145,"minecraft:gray_carpet":16,"minecraft:red_sandstone":1,"minecraft:iron_ingot":51,"minecraft:stripped_oak_wood":4,"minecraft:acacia_sapling":2,"iceandfire:crackled_cobblestone":69,"minecraft:book":15,"minecraft:birch_boat":1,"minecraft:dandelion":8,"minecraft:raw_iron_block":1,"minecraft:dripstone_block":1,"born_in_chaos_v1:dark_rod":6,"minecraft:soul_torch":8,"minecraft:blast_furnace":13,"mekanism:raw_osmium":8,"minecraft:spider_eye":5,"minecraft:pumpkin_seeds":21,"minecraft:sculk_sensor":6,"minecraft:chainmail_leggings":1,"minecraft:iron_helmet":1,"mekanism:fluorite_gem":15,"minecraft:waxed_oxidized_cut_copper_slab":5,"minecraft:terracotta":36,"tombstone:magic_scroll":4,"minecraft:acacia_slab":11,"minecraft:coal":105},"minecraft:broken":{"minecraft:iron_boots":2,"minecraft:iron_chestplate":1,"minecraft:iron_sword":2,"minecraft:stone_sword":1,"minecraft:diamond_leggings":1,"iceandfire:armor_silver_metal_helmet":1,"minecraft:shield":5,"minecraft:iron_axe":2,"minecraft:iron_pickaxe":2,"minecraft:iron_helmet":2,"minecraft:wooden_axe":2,"born_in_chaos_v1:wood_splitter_axe":1},"minecraft:custom":{"minecraft:interact_with_crafting_table":104,"minecraft:open_barrel":88,"minecraft:leave_game":23,"minecraft:time_since_death":32404,"minecraft:damage_blocked_by_shield":14515,"minecraft:play_time":973134,"minecraft:deaths":94,"minecraft:jump":15897,"minecraft:enchant_item":2,"minecraft:interact_with_furnace":139,"minecraft:sleep_in_bed":8,"minecraft:waystone_activated":2,"tombstone:sneak_grave":1,"minecraft:damage_dealt":72019,"tombstone:undead_killed":244,"minecraft:interact_with_smoker":8,"minecraft:inspect_dispenser":2,"minecraft:interact_with_anvil":4,"minecraft:sneak_time":60628,"minecraft:interact_with_blast_furnace":80,"minecraft:total_world_time":973134,"tombstone:raider_killed":5,"minecraft:time_since_rest":30606,"minecraft:swim_one_cm":76186,"minecraft:fly_one_cm":2863986,"minecraft:open_chest":639,"minecraft:fall_one_cm":410419,"minecraft:animals_bred":7,"minecraft:sprint_one_cm":2135533,"minecraft:drop":374,"minecraft:talked_to_villager":107,"minecraft:walk_on_water_one_cm":124923,"minecraft:interact_with_loom":3,"minecraft:crouch_one_cm":128586,"minecraft:mob_kills":457,"minecraft:damage_dealt_resisted":6930,"minecraft:climb_one_cm":200754,"minecraft:walk_one_cm":2497699,"minecraft:walk_under_water_one_cm":137661,"minecraft:boat_one_cm":40,"spartanshields:shield_bash_hits":19,"minecraft:interact_with_grindstone":1,"minecraft:damage_taken":43558,"minecraft:damage_absorbed":201,"minecraft:trigger_trapped_chest":1},"minecraft:killed":{"minecraft:cave_spider":8,"born_in_chaos_v1:zombie_lumberjack":6,"born_in_chaos_v1:restless_spirit":4,"born_in_chaos_v1:baby_skeleton_minion":16,"undead_revamp2:theswarmer":12,"minecraft:skeleton":68,"creeperoverhaul:jungle_creeper":2,"undead_revamp2:thepregnant":2,"born_in_chaos_v1:supreme_bonescaller_stage_2":2,"undead_revamp2:thespitter":6,"laendli_transport:crab":16,"alexsmobs:flutter":2,"minecraft:zombie":142,"laendli_transport:bock":12,"born_in_chaos_v1:corpse_fly":62,"born_in_chaos_v1:door_knight":12,"minecraft:cow":6,"undead_revamp2:thehunter":10,"undead_revamp2:theimmortal":8,"iceandfire:siren":2,"undead_revamp2:thebidy":4,"born_in_chaos_v1:barrel_zombie":2,"minecraft:husk":30,"born_in_chaos_v1:bone_imp_minion":16,"undead_revamp2:the_moonflower":26,"born_in_chaos_v1:decrepit_skeleton":28,"born_in_chaos_v1:bloody_gadfly":6,"undead_revamp2:thesomnolence":46,"iceandfire:ghost":4,"born_in_chaos_v1:dark_vortex":6,"undead_revamp2:thewolf":2,"born_in_chaos_v1:zombie_clown":2,"minecraft:witch":2,"minecraft:spider":30,"undead_revamp2:thesmoker":4,"creeperoverhaul:bamboo_creeper":4,"minecraft:bee":2,"undead_revamp2:therod":10,"minecraft:illusioner":2,"alexsmobs:kangaroo":2,"born_in_chaos_v1:bonescaller":4,"minecraft:pig":6,"born_in_chaos_v1:diamond_termite":4,"minecraft:zombie_villager":2,"undead_revamp2:thebeartamer":4,"minecraft:creeper":6,"minecraft:sheep":4,"undead_revamp2:thebidyupside":6,"cataclysm:deepling_brute":2,"born_in_chaos_v1:dread_hound":20,"minecraft:stray":18,"undead_revamp2:theskeeper":4,"alexsmobs:fly":2,"undead_revamp2:thegliter":2,"alexsmobs:tiger":2,"born_in_chaos_v1:zombie_clown_not_despawn":2,"born_in_chaos_v1:zombie_bruiser":8,"born_in_chaos_v1:maggot":84,"friendsandfoes:mauler":6,"minecraft:drowned":6,"born_in_chaos_v1:corpse_fish":18,"undead_revamp2:sucker":14,"laendli_transport:slabcrab":6,"born_in_chaos_v1:baby_skeleton":4,"born_in_chaos_v1:swarmer":4,"alexsmobs:emu":2,"born_in_chaos_v1:bonescaller_not_despawn":4},"minecraft:dropped":{"minecraft:iron_sword":4,"minecraft:porkchop":4,"minecraft:lapis_lazuli":12,"minecraft:glass_bottle":2,"minecraft:diamond":12,"minecraft:glow_berries":12,"minecraft:rail":48,"born_in_chaos_v1:monster_flesh":5,"minecraft:dirt":132,"minecraft:red_bed":1,"minecraft:birch_fence":7,"immersive_melodies:piano":1,"minecraft:mangrove_stairs":1,"undead_revamp2:the_somnolenceextract":2,"minecraft:bone_meal":3,"minecraft:sand":1,"minecraft:iron_pickaxe":1,"minecraft:white_wool":14,"minecraft:birch_stairs":4,"minecraft:cyan_carpet":2,"minecraft:bone":86,"minecraft:stone_axe":1,"minecraft:detector_rail":3,"alexsmobs:animal_dictionary":2,"minecraft:cobbled_deepslate":66,"minecraft:wheat":2,"undead_revamp2:arapholia":3,"minecraft:rotten_flesh":128,"born_in_chaos_v1:smoked_flesh":1,"enderio:dark_steel_ingot":1,"minecraft:oak_planks":25,"minecraft:glowstone_dust":4,"smarter_mobs:spider_web":15,"minecraft:tipped_arrow":1,"minecraft:jungle_log":6,"iceandfire:crackled_cobblestone":56,"minecraft:acacia_sapling":2,"minecraft:leather_leggings":1,"farmersdelight:rope":42,"minecraft:beef":3,"minecraft:egg":1,"farmersdelight:tomato_seeds":13,"minecraft:enchanted_book":2,"minecraft:iron_ingot":65,"minecraft:wheat_seeds":23,"born_in_chaos_v1:shattered_skull":1,"farmersdelight:skillet":3,"minecraft:dripstone_block":1,"minecraft:feather":2,"minecraft:iron_helmet":1,"minecraft:cobblestone":105,"minecraft:apple":14,"minecraft:granite":16,"minecraft:golden_apple":1,"minecraft:sculk":4,"iceandfire:copper_nugget":18,"minecraft:wooden_axe":1,"minecraft:dried_kelp":2,"minecraft:oak_stairs":3,"minecraft:string":37,"minecraft:moss_carpet":4,"minecraft:player_head":33,"minecraft:cocoa_beans":4,"born_in_chaos_v1:rotten_fish":6,"minecraft:clay_ball":4,"minecraft:iron_boots":2,"minecraft:name_tag":1,"minecraft:spruce_fence":1,"minecraft:pumpkin_seeds":15,"minecraft:potato":1,"minecraft:bundle":1,"minecraft:spruce_planks":2,"minecraft:spider_eye":2,"minecraft:bamboo":2,"minecraft:sandstone":10,"minecraft:bow":2,"iceandfire:crackled_stone":51,"minecraft:magma_block":65,"minecraft:terracotta":5,"minecraft:moss_block":1,"minecraft:brown_mushroom":1,"minecraft:birch_planks":1,"slenderman:slender_book":1,"minecraft:lantern":1,"minecraft:leather":2,"minecraft:mangrove_planks":1,"farmersdelight:rice":13,"paraglider:spirit_orb":2,"minecraft:cobblestone_stairs":1,"tombstone:bag_of_seeds":1,"born_in_chaos_v1:monster_skin":1,"minecraft:mutton":2,"minecraft:gold_ingot":3,"minecraft:blackstone":62,"born_in_chaos_v1:fire_dust":1,"minecraft:pointed_dripstone":6,"born_in_chaos_v1:ethereal_spirit":4,"minecraft:cooked_mutton":36,"minecraft:honey_bottle":1,"minecraft:mangrove_sign":2,"minecraft:leather_chestplate":1,"born_in_chaos_v1:seedof_chaos":1,"minecraft:gunpowder":7,"minecraft:birch_trapdoor":2,"minecraft:melon_seeds":12,"minecraft:spruce_pressure_plate":1,"minecraft:beetroot_seeds":7,"born_in_chaos_v1:corpse_maggot":27,"minecraft:acacia_slab":9,"minecraft:azalea":1,"minecraft:chest":1,"minecraft:arrow":56,"minecraft:powered_rail":14,"alexsmobs:banana":3,"iceandfire:silver_pickaxe":1,"enderio:wood_gear":4,"minecraft:activator_rail":7,"minecraft:copper_ingot":3,"minecraft:spruce_stairs":3,"spelunkers_charm:deepslate_rock":14,"minecraft:stick":18,"minecraft:torch":40,"farmersdelight:cooking_pot":1,"tombstone:grave_key":9,"luckys_armory:heavy_iron_armor_helmet":1,"minecraft:melon_slice":4,"born_in_chaos_v1:fused_bone":4,"tombstone:grave_dust":11,"minecraft:iron_leggings":1,"minecraft:redstone":13,"minecraft:raw_copper":10,"minecraft:tuff":19,"minecraft:raw_iron":16,"farmersdelight:cabbage_seeds":9,"minecraft:stripped_oak_log":2,"minecraft:filled_map":1,"minecraft:shield":1,"minecraft:oak_button":1,"minecraft:iron_chestplate":1,"minecraft:andesite":1,"minecraft:oak_sapling":19,"minecraft:slime_ball":1,"minecraft:stone_pickaxe":3,"minecraft:raw_gold":2,"minecraft:wooden_pickaxe":1,"minecraft:calcite":2},"minecraft:used":{"alexsmobs:emu_egg":1,"minecraft:ladder":21,"farmersdelight:cabbage_seeds":4,"iceandfire:dragon_skull_ice":5,"minecraft:chest":15,"minecraft:rotten_flesh":8,"minecraft:spruce_boat":7,"born_in_chaos_v1:smoked_flesh":9,"minecraft:lava_bucket":2,"friendsandfoes:totem_of_illusion":1,"minecraft:dark_oak_slab":1,"minecraft:bow":20,"minecraft:sweet_berries":16,"minecraft:oak_sapling":3,"minecraft:furnace":10,"minecraft:egg":49,"minecraft:diorite":19,"minecraft:orange_tulip":2,"minecraft:blackstone":84,"minecraft:wooden_pickaxe":8,"tombstone:tablet_of_guard":2,"minecraft:golden_apple":7,"minecraft:stripped_mangrove_wood":1,"minecraft:glow_berries":13,"minecraft:blast_furnace":12,"born_in_chaos_v1:holiday_candy":2,"minecraft:purple_terracotta":5,"iceandfire:silver_pickaxe":452,"minecraft:zombie_head":1,"minecraft:cyan_carpet":5,"minecraft:lectern":85,"spartanshields:diamond_tower_shield":47,"minecraft:soul_lantern":1,"minecraft:birch_log":4,"minecraft:oak_boat":17,"minecraft:stone_sword":128,"minecraft:acacia_log":1,"travelersbackpack:bat":6,"minecraft:torch":213,"minecraft:anvil":2,"minecraft:iron_axe":440,"minecraft:jungle_log":6,"iceandfire:dragon_ice":3,"tombstone:gift":7,"minecraft:cobbled_deepslate":80,"farmersdelight:tomato_seeds":1,"minecraft:acacia_planks":11,"minecraft:calcite":9,"minecraft:wheat_seeds":5,"minecraft:water_bucket":31,"luckys_armory:heavy_iron_armor_helmet":1,"minecraft:birch_planks":28,"iceandfire:crackled_stone":10,"minecraft:cauldron":2,"iceandfire:dragon_skull_lightning":3,"minecraft:rail":1,"minecraft:crafting_table":30,"minecraft:red_bed":11,"minecraft:cod":1,"minecraft:spruce_log":1,"iceandfire:armor_silver_metal_chestplate":1,"minecraft:diamond_pickaxe":138,"minecraft:iron_pickaxe":856,"born_in_chaos_v1:staffofthe_summoner":61,"tombstone:magic_scroll":3,"iceandfire:crackled_cobblestone":10,"minecraft:cobblestone":142,"minecraft:potion":1,"minecraft:cooked_porkchop":3,"minecraft:porkchop":1,"minecraft:candle":3,"minecraft:iron_shovel":120,"minecraft:diamond_hoe":19,"born_in_chaos_v1:intoxicating_decoction":1,"minecraft:shield":227,"minecraft:iron_sword":840,"minecraft:player_head":60,"minecraft:iron_chestplate":1,"minecraft:jungle_planks":27,"minecraft:tuff":2,"minecraft:big_dripleaf":3,"born_in_chaos_v1:corpse_maggot":3,"farmersdelight:tomato":2,"born_in_chaos_v1:gnawed_bones":2,"minecraft:item_frame":1,"minecraft:magma_block":11,"minecraft:hay_block":2,"minecraft:dark_oak_stairs":1,"minecraft:waxed_oxidized_cut_copper_slab":5,"minecraft:gray_carpet":6,"minecraft:stone_pickaxe":122,"minecraft:mangrove_planks":11,"minecraft:oak_planks":54,"minecraft:ender_pearl":2,"alexscaves:cave_book":1,"enderio:dark_steel_sword":579,"waystones:waystone":2,"minecraft:bread":58,"tombstone:grave_key":7,"born_in_chaos_v1:marigolds":1,"born_in_chaos_v1:rotten_fish":2,"minecraft:grindstone":1,"minecraft:andesite":1,"minecraft:coarse_dirt":4,"minecraft:white_tulip":2,"minecraft:dried_kelp":2,"minecraft:spruce_planks":10,"minecraft:dirt":181,"minecraft:diamond_helmet":1,"minecraft:granite":30,"minecraft:dark_oak_planks":13,"minecraft:wooden_axe":193,"alexsmobs:maggot":2,"minecraft:waxed_cut_copper":7,"minecraft:acacia_slab":50,"minecraft:cooked_beef":4,"minecraft:cooked_mutton":114,"minecraft:cobblestone_stairs":1,"minecraft:baked_potato":28,"minecraft:birch_boat":2,"minecraft:waxed_copper_block":1,"minecraft:terracotta":1,"minecraft:spider_eye":1,"tombstone:tablet_of_home":2,"bosses_of_mass_destruction:soul_star":2,"minecraft:smoker":1,"tombstone:bag_of_seeds":5,"minecraft:apple":8,"minecraft:stone_axe":47,"minecraft:white_banner":1,"minecraft:bucket":35,"born_in_chaos_v1:wood_splitter_axe":147,"minecraft:pumpkin_pie":1},"minecraft:killed_by":{"minecraft:zombie":3,"minecraft:vex":1,"minecraft:husk":1,"friendsandfoes:mauler":1,"born_in_chaos_v1:dark_vortex":1,"alexsmobs:bison":1,"undead_revamp2:thespitter":1,"born_in_chaos_v1:decrepit_skeleton":1,"undead_revamp2:sucker":1,"minecraft:drowned":1,"undead_revamp2:bomber":1,"undead_revamp2:thesmoker":1,"minecraft:spider":1,"undead_revamp2:thehunter":1,"minecraft:skeleton":3,"iceandfire:lightning_dragon":2},"minecraft:mined":{"minecraft:dark_oak_planks":12,"minecraft:granite":41,"minecraft:acacia_log":21,"minecraft:jungle_log":76,"minecraft:deepslate_bricks":1,"bushierflowers:grown_dandelion":1,"minecraft:spawner":9,"minecraft:tall_seagrass":1,"minecraft:magma_block":73,"minecraft:fire":1,"minecraft:barrel":1,"minecraft:cobbled_deepslate":11,"minecraft:moss_carpet":1,"minecraft:deepslate_lapis_ore":2,"minecraft:sculk_shrieker":5,"minecraft:oak_stairs":3,"minecraft:stripped_mangrove_wood":5,"minecraft:white_banner":2,"minecraft:player_head":2,"bushierflowers:grown_poppy":2,"mekanism:osmium_ore":2,"minecraft:red_bed":11,"minecraft:smoker":2,"minecraft:powder_snow":31,"minecraft:torch":6,"minecraft:blast_furnace":14,"minecraft:melon":1,"mekanism:tin_ore":7,"galosphere:silver_ore":16,"minecraft:sugar_cane":3,"minecraft:chain":2,"iceandfire:crackled_stone":29,"minecraft:wheat":2,"minecraft:waxed_copper_block":1,"minecraft:birch_door":2,"minecraft:grass":250,"mekanism:lead_ore":8,"minecraft:deepslate":147,"minecraft:yellow_terracotta":1,"iceandfire:silver_ore":6,"minecraft:spruce_fence":1,"minecraft:jungle_planks":1,"born_in_chaos_v1:black_argillite":3,"alexsmobs:leafcutter_ant_chamber":1,"minecraft:moss_block":3,"travelersbackpack:bat":4,"minecraft:red_sandstone":1,"minecraft:andesite":3,"minecraft:vine":7,"minecraft:birch_stairs":4,"minecraft:mangrove_stairs":1,"smarter_mobs:spider_web":2,"galosphere:deepslate_silver_ore":14,"minecraft:dandelion":1,"minecraft:tall_grass":130,"minecraft:deepslate_gold_ore":11,"farmersdelight:wild_tomatoes":1,"minecraft:green_stained_glass_pane":2,"minecraft:diorite":9,"minecraft:coarse_dirt":11,"minecraft:spruce_log":5,"minecraft:birch_leaves":14,"minecraft:dripstone_block":1,"mekanism:deepslate_fluorite_ore":4,"minecraft:cobweb":4,"mekanism:deepslate_uranium_ore":11,"minecraft:stone_bricks":4,"minecraft:deepslate_emerald_ore":1,"minecraft:fern":9,"undead_revamp2:arapholia":1,"minecraft:spruce_planks":8,"minecraft:cobblestone_stairs":1,"minecraft:brewing_stand":1,"minecraft:budding_amethyst":1,"minecraft:grass_block":100,"minecraft:composter":1,"iceandfire:crackled_cobblestone":35,"minecraft:raw_iron_block":1,"minecraft:iron_ore":79,"minecraft:target":1,"minecraft:anvil":2,"minecraft:dark_oak_stairs":1,"minecraft:pointed_dripstone":2,"minecraft:flowering_azalea_leaves":1,"minecraft:spruce_slab":5,"minecraft:waxed_cut_copper":8,"minecraft:blackstone":117,"minecraft:calcite":13,"minecraft:chest":5,"minecraft:mushroom_stem":25,"minecraft:cobblestone":11,"minecraft:grindstone":1,"minecraft:oak_planks":38,"minecraft:wall_torch":3,"minecraft:cauldron":4,"minecraft:deepslate_copper_ore":1,"minecraft:pink_petals":1,"minecraft:seagrass":1,"minecraft:dark_oak_slab":1,"minecraft:birch_log":29,"minecraft:stripped_oak_wood":4,"mekanism:deepslate_tin_ore":3,"minecraft:oak_log":89,"minecraft:dirt":140,"minecraft:sand":19,"minecraft:oak_leaves":29,"minecraft:diamond_ore":1,"minecraft:tuff":25,"minecraft:deepslate_diamond_ore":15,"minecraft:candle":1,"born_in_chaos_v1:infected_diamond_ore":2,"mekanism:deepslate_osmium_ore":8,"minecraft:ladder":2,"minecraft:purple_terracotta":10,"minecraft:birch_slab":1,"iceandfire:dragon_ice":5,"minecraft:spruce_leaves":9,"minecraft:acacia_slab":8,"minecraft:sandstone":1,"minecraft:rooted_dirt":4,"minecraft:large_fern":5,"minecraft:hay_block":11,"spelunkers_charm:deepslate_rock_pile_1":1,"minecraft:furnace":7,"minecraft:raw_gold_block":1,"minecraft:waxed_oxidized_cut_copper_slab":5,"minecraft:stripped_spruce_log":11,"minecraft:bookshelf":5,"minecraft:deepslate_iron_ore":40,"minecraft:stripped_oak_log":3,"minecraft:stone":549,"minecraft:acacia_leaves":1,"minecraft:scaffolding":5,"minecraft:stripped_dark_oak_log":1,"minecraft:crafting_table":10,"minecraft:lectern":85,"minecraft:deepslate_coal_ore":9,"minecraft:lapis_ore":1,"minecraft:sculk":2,"minecraft:spruce_stairs":3,"minecraft:birch_planks":2,"spelunkers_charm:deepslate_rock_pile_3":2,"minecraft:coal_ore":46,"minecraft:cyan_carpet":7,"minecraft:gray_carpet":21,"minecraft:cracked_stone_bricks":1,"minecraft:terracotta":43,"minecraft:mossy_stone_bricks":1,"minecraft:birch_fence":23}},"DataVersion":3465}