{"stats":{"minecraft:killed_by":{"undead_revamp2:sucker":1,"undead_revamp2:bomber":1,"minecraft:zombie":1,"minecraft:spider":1,"friendsandfoes:mauler":1,"born_in_chaos_v1:dark_vortex":1,"alexsmobs:bison":1,"undead_revamp2:thespitter":1,"born_in_chaos_v1:decrepit_skeleton":1,"minecraft:skeleton":2},"minecraft:mined":{"undead_revamp2:arapholia":1,"minecraft:acacia_log":10,"minecraft:grass_block":9,"minecraft:jungle_log":64,"minecraft:composter":1,"minecraft:spawner":2,"minecraft:magma_block":72,"minecraft:raw_iron_block":1,"minecraft:iron_ore":58,"minecraft:fire":1,"minecraft:cobbled_deepslate":11,"minecraft:target":1,"minecraft:moss_carpet":1,"minecraft:deepslate_lapis_ore":2,"minecraft:anvil":2,"minecraft:dark_oak_stairs":1,"minecraft:pointed_dripstone":2,"minecraft:flowering_azalea_leaves":1,"minecraft:white_banner":1,"minecraft:stripped_mangrove_wood":2,"minecraft:player_head":1,"mekanism:osmium_ore":2,"minecraft:red_bed":8,"minecraft:blackstone":50,"minecraft:powder_snow":13,"minecraft:torch":2,"minecraft:blast_furnace":12,"minecraft:melon":1,"minecraft:chest":3,"mekanism:tin_ore":6,"galosphere:silver_ore":16,"minecraft:cobblestone":9,"minecraft:grindstone":1,"minecraft:sugar_cane":3,"minecraft:oak_planks":29,"minecraft:wall_torch":2,"minecraft:seagrass":1,"minecraft:birch_door":2,"minecraft:stripped_oak_wood":2,"minecraft:grass":85,"mekanism:deepslate_tin_ore":3,"minecraft:oak_log":48,"mekanism:lead_ore":6,"minecraft:sand":7,"minecraft:dirt":9,"minecraft:oak_leaves":20,"minecraft:deepslate":146,"minecraft:tuff":25,"iceandfire:silver_ore":5,"minecraft:deepslate_diamond_ore":9,"born_in_chaos_v1:infected_diamond_ore":2,"mekanism:deepslate_osmium_ore":8,"minecraft:ladder":2,"alexsmobs:leafcutter_ant_chamber":1,"iceandfire:dragon_ice":5,"minecraft:spruce_leaves":9,"minecraft:moss_block":2,"minecraft:sandstone":1,"spelunkers_charm:deepslate_rock_pile_1":1,"minecraft:furnace":7,"minecraft:andesite":2,"minecraft:bookshelf":5,"minecraft:deepslate_iron_ore":40,"minecraft:vine":6,"minecraft:stone":444,"minecraft:acacia_leaves":1,"minecraft:scaffolding":5,"minecraft:mangrove_stairs":1,"smarter_mobs:spider_web":2,"galosphere:deepslate_silver_ore":12,"minecraft:crafting_table":7,"minecraft:lectern":2,"minecraft:tall_grass":59,"minecraft:deepslate_coal_ore":9,"minecraft:lapis_ore":1,"minecraft:deepslate_gold_ore":11,"minecraft:diorite":6,"minecraft:coarse_dirt":2,"spelunkers_charm:deepslate_rock_pile_3":2,"minecraft:spruce_log":5,"minecraft:coal_ore":45,"minecraft:dripstone_block":1,"minecraft:cyan_carpet":4,"mekanism:deepslate_fluorite_ore":4,"minecraft:cracked_stone_bricks":1,"minecraft:cobweb":4,"mekanism:deepslate_uranium_ore":11,"minecraft:stone_bricks":4,"minecraft:mossy_stone_bricks":1,"minecraft:deepslate_emerald_ore":1,"minecraft:fern":3},"minecraft:used":{"minecraft:iron_shovel":11,"iceandfire:dragon_skull_ice":3,"minecraft:ladder":17,"minecraft:chest":6,"minecraft:shield":76,"minecraft:iron_sword":409,"minecraft:player_head":31,"minecraft:rotten_flesh":8,"minecraft:iron_chestplate":1,"minecraft:jungle_planks":2,"minecraft:tuff":2,"minecraft:big_dripleaf":3,"minecraft:lava_bucket":2,"minecraft:bow":9,"minecraft:magma_block":11,"minecraft:sweet_berries":14,"minecraft:oak_sapling":2,"minecraft:furnace":10,"minecraft:egg":2,"minecraft:diorite":19,"minecraft:stone_pickaxe":91,"minecraft:mangrove_planks":7,"minecraft:oak_planks":37,"minecraft:blackstone":17,"minecraft:wooden_pickaxe":8,"tombstone:tablet_of_guard":2,"minecraft:golden_apple":1,"minecraft:blast_furnace":12,"iceandfire:silver_pickaxe":452,"waystones:waystone":1,"minecraft:bread":1,"minecraft:cyan_carpet":5,"tombstone:grave_key":2,"minecraft:grindstone":1,"minecraft:birch_log":3,"minecraft:andesite":1,"minecraft:oak_boat":12,"minecraft:stone_sword":128,"minecraft:dried_kelp":2,"minecraft:torch":102,"minecraft:dirt":19,"minecraft:anvil":2,"minecraft:wooden_axe":104,"alexsmobs:maggot":2,"minecraft:iron_axe":90,"iceandfire:dragon_ice":3,"tombstone:gift":7,"minecraft:acacia_planks":11,"minecraft:cobbled_deepslate":80,"minecraft:cooked_mutton":96,"minecraft:water_bucket":12,"iceandfire:dragon_skull_lightning":2,"minecraft:rail":1,"minecraft:crafting_table":18,"minecraft:red_bed":8,"minecraft:spider_eye":1,"minecraft:cod":1,"tombstone:tablet_of_home":2,"bosses_of_mass_destruction:soul_star":2,"iceandfire:armor_silver_metal_chestplate":1,"tombstone:bag_of_seeds":1,"minecraft:iron_pickaxe":537,"minecraft:stone_axe":47,"minecraft:cobblestone":105,"minecraft:bucket":15,"born_in_chaos_v1:wood_splitter_axe":147},"minecraft:crafted":{"minecraft:oak_planks":240,"mekanism:ingot_osmium":8,"minecraft:cooked_mutton":2,"minecraft:bow":1,"minecraft:iron_boots":2,"tombstone:grave_key":2,"minecraft:chest":3,"galosphere:silver_ingot":11,"minecraft:oak_button":1,"mekanism:ingot_tin":9,"minecraft:crafting_table":11,"minecraft:spruce_planks":20,"minecraft:iron_helmet":2,"minecraft:wooden_pickaxe":1,"minecraft:iron_chestplate":2,"minecraft:charcoal":7,"minecraft:shield":3,"minecraft:stick":137,"minecraft:iron_ingot":80,"minecraft:iron_pickaxe":3,"minecraft:stone_sword":1,"minecraft:shears":1,"minecraft:raw_iron":9,"minecraft:furnace":4,"mekanism:ingot_uranium":6,"minecraft:ladder":21,"minecraft:stone_pickaxe":1,"iceandfire:armor_silver_metal_boots":1,"iceandfire:silver_ingot":3,"minecraft:iron_sword":2,"minecraft:mangrove_planks":8,"minecraft:bucket":2,"minecraft:stone_axe":1,"minecraft:jungle_planks":28,"minecraft:air":0,"minecraft:oak_boat":5,"minecraft:wooden_axe":2,"minecraft:iron_shovel":1,"minecraft:iron_leggings":1,"minecraft:acacia_planks":40,"iceandfire:silver_pickaxe":1,"minecraft:torch":148},"minecraft:picked_up":{"minecraft:wheat":5,"minecraft:flower_pot":1,"minecraft:anvil":2,"mekanism:raw_uranium":11,"minecraft:enchanted_book":1,"tombstone:grave_key":3,"minecraft:amethyst_block":11,"minecraft:string":20,"minecraft:iron_leggings":1,"minecraft:armor_stand":1,"minecraft:cobbled_deepslate":161,"alexsmobs:banana":3,"bosses_of_mass_destruction:soul_star":2,"minecraft:azalea":1,"born_in_chaos_v1:stimulating_decoction":2,"minecraft:melon_slice":4,"minecraft:furnace":7,"minecraft:stick":13,"born_in_chaos_v1:shattered_skull":1,"minecraft:composter":1,"minecraft:big_dripleaf":3,"minecraft:torch":18,"minecraft:acacia_log":10,"minecraft:dried_kelp":2,"luckys_armory:heavy_iron_armor_helmet":1,"minecraft:pointed_dripstone":6,"tombstone:grave_dust":17,"minecraft:diorite":19,"mekanism:raw_tin":9,"minecraft:mangrove_stairs":1,"minecraft:rotten_flesh":89,"minecraft:cod":1,"undead_revamp2:arapholia":2,"minecraft:cobblestone":467,"minecraft:birch_log":3,"minecraft:magma_block":76,"minecraft:leather_chestplate":1,"born_in_chaos_v1:spiritual_dust":3,"minecraft:andesite":1,"minecraft:jungle_log":7,"paraglider:spirit_orb":4,"minecraft:tuff":21,"minecraft:lapis_lazuli":36,"minecraft:dirt":27,"smarter_mobs:spider_web":3,"minecraft:lantern":1,"born_in_chaos_v1:monster_skin":1,"minecraft:bone":31,"minecraft:wheat_seeds":14,"minecraft:raw_gold":10,"minecraft:grindstone":1,"minecraft:glowstone_dust":4,"minecraft:bamboo":4,"galosphere:raw_silver":28,"enderio:dark_steel_ingot":1,"minecraft:oak_planks":60,"minecraft:jungle_planks":6,"minecraft:sand":4,"alexsmobs:animal_dictionary":1,"undead_revamp2:acidsack":1,"minecraft:bundle":2,"minecraft:diamond":12,"waystones:waystone":1,"iceandfire:dragon_ice":3,"minecraft:granite":2,"minecraft:bone_meal":1,"minecraft:emerald":1,"alexsmobs:maggot":2,"minecraft:oak_sapling":19,"born_in_chaos_v1:rotten_fish":7,"iceandfire:raw_silver":5,"iceandfire:dragon_skull_lightning":2,"minecraft:cocoa_beans":1,"minecraft:charcoal":7,"born_in_chaos_v1:diamond_termite_shard":1,"minecraft:crafting_table":8,"minecraft:ladder":2,"minecraft:clay_ball":4,"born_in_chaos_v1:seedof_chaos":1,"spelunkers_charm:deepslate_rock":14,"enderio:broken_spawner":1,"minecraft:red_bed":9,"minecraft:moss_carpet":2,"minecraft:iron_shovel":1,"minecraft:cyan_carpet":5,"minecraft:blackstone":52,"born_in_chaos_v1:gnawed_bones":2,"minecraft:oak_boat":8,"minecraft:player_head":4,"minecraft:lectern":2,"minecraft:sugar_cane":3,"minecraft:chest":3,"minecraft:egg":4,"minecraft:stripped_mangrove_wood":2,"minecraft:raw_iron":96,"minecraft:sandstone":10,"iceandfire:dragonbone":38,"minecraft:copper_ingot":7,"born_in_chaos_v1:pieceofdarkmetal":1,"minecraft:stone_pressure_plate":1,"iceandfire:dragon_skull_ice":3,"minecraft:arrow":16,"born_in_chaos_v1:wood_splitter_axe":1,"tombstone:essence_of_undeath":1,"undead_revamp2:the_somnolenceextract":2,"minecraft:glow_berries":4,"minecraft:mutton":2,"minecraft:rail":1,"minecraft:white_wool":14,"born_in_chaos_v1:fused_bone":2,"minecraft:stripped_oak_log":3,"born_in_chaos_v1:corpse_maggot":36,"born_in_chaos_v1:monster_flesh":2,"mekanism:raw_lead":6,"minecraft:oak_log":71,"minecraft:gunpowder":3,"tombstone:gift":1,"minecraft:cooked_mutton":145,"minecraft:apple":15,"minecraft:iron_ingot":1,"minecraft:stone_pickaxe":1,"minecraft:stripped_oak_wood":2,"tombstone:bag_of_seeds":1,"minecraft:acacia_sapling":2,"minecraft:iron_sword":3,"minecraft:book":15,"iceandfire:copper_nugget":4,"minecraft:sweet_berries":13,"born_in_chaos_v1:ethereal_spirit":4,"minecraft:raw_iron_block":1,"minecraft:dripstone_block":1,"minecraft:gravel":4,"born_in_chaos_v1:dark_rod":2,"minecraft:spruce_sapling":3,"minecraft:blast_furnace":11,"minecraft:spruce_log":5,"mekanism:raw_osmium":8,"minecraft:spider_eye":2,"minecraft:stone_axe":1,"minecraft:iron_helmet":1,"mekanism:fluorite_gem":15,"tombstone:magic_scroll":1,"minecraft:coal":59},"minecraft:killed":{"undead_revamp2:thewolf":2,"born_in_chaos_v1:zombie_clown":2,"minecraft:witch":2,"born_in_chaos_v1:zombie_lumberjack":2,"born_in_chaos_v1:restless_spirit":4,"minecraft:spider":18,"undead_revamp2:thesmoker":2,"undead_revamp2:theswarmer":2,"born_in_chaos_v1:baby_skeleton_minion":4,"creeperoverhaul:bamboo_creeper":4,"minecraft:skeleton":22,"creeperoverhaul:jungle_creeper":2,"undead_revamp2:therod":10,"undead_revamp2:thespitter":2,"born_in_chaos_v1:bonescaller":4,"born_in_chaos_v1:diamond_termite":4,"minecraft:zombie_villager":2,"undead_revamp2:thebeartamer":2,"minecraft:sheep":2,"undead_revamp2:thebidyupside":2,"laendli_transport:crab":4,"alexsmobs:flutter":2,"minecraft:zombie":46,"born_in_chaos_v1:dread_hound":12,"born_in_chaos_v1:corpse_fly":54,"undead_revamp2:theskeeper":2,"alexsmobs:fly":2,"born_in_chaos_v1:door_knight":6,"undead_revamp2:thehunter":4,"undead_revamp2:thegliter":2,"born_in_chaos_v1:zombie_bruiser":4,"born_in_chaos_v1:maggot":36,"friendsandfoes:mauler":2,"born_in_chaos_v1:corpse_fish":8,"undead_revamp2:sucker":10,"born_in_chaos_v1:barrel_zombie":2,"minecraft:husk":18,"laendli_transport:slabcrab":2,"born_in_chaos_v1:swarmer":2,"undead_revamp2:the_moonflower":12,"born_in_chaos_v1:decrepit_skeleton":10,"born_in_chaos_v1:bloody_gadfly":2,"undead_revamp2:thesomnolence":36,"iceandfire:ghost":4,"born_in_chaos_v1:dark_vortex":4},"minecraft:custom":{"minecraft:animals_bred":1,"minecraft:interact_with_crafting_table":60,"minecraft:open_barrel":16,"minecraft:leave_game":16,"minecraft:time_since_death":5569,"minecraft:sprint_one_cm":757989,"minecraft:damage_blocked_by_shield":3295,"minecraft:drop":148,"minecraft:talked_to_villager":3,"minecraft:play_time":418581,"minecraft:deaths":49,"minecraft:jump":6925,"minecraft:walk_on_water_one_cm":42529,"minecraft:interact_with_furnace":85,"minecraft:interact_with_loom":2,"minecraft:sleep_in_bed":7,"minecraft:waystone_activated":1,"tombstone:sneak_grave":1,"minecraft:damage_dealt":30900,"minecraft:crouch_one_cm":34653,"tombstone:undead_killed":89,"minecraft:interact_with_anvil":2,"minecraft:mob_kills":197,"minecraft:damage_dealt_resisted":2486,"minecraft:climb_one_cm":92142,"minecraft:walk_one_cm":1199416,"minecraft:sneak_time":15555,"minecraft:walk_under_water_one_cm":45619,"minecraft:boat_one_cm":40,"minecraft:interact_with_blast_furnace":55,"minecraft:total_world_time":418581,"spartanshields:shield_bash_hits":7,"tombstone:raider_killed":1,"minecraft:time_since_rest":4225,"minecraft:damage_taken":22020,"minecraft:damage_absorbed":40,"minecraft:trigger_trapped_chest":1,"minecraft:swim_one_cm":23747,"minecraft:fly_one_cm":1002913,"minecraft:open_chest":194,"minecraft:fall_one_cm":190842},"minecraft:dropped":{"minecraft:iron_sword":1,"minecraft:lapis_lazuli":12,"minecraft:diamond":2,"slenderman:slender_book":1,"minecraft:glow_berries":4,"minecraft:lantern":1,"minecraft:mangrove_planks":1,"paraglider:spirit_orb":2,"minecraft:dirt":1,"minecraft:red_bed":1,"minecraft:mangrove_stairs":1,"undead_revamp2:the_somnolenceextract":2,"minecraft:sand":1,"minecraft:gold_ingot":3,"minecraft:bone":22,"minecraft:stone_axe":1,"minecraft:blackstone":34,"alexsmobs:animal_dictionary":2,"minecraft:cobbled_deepslate":65,"minecraft:pointed_dripstone":6,"minecraft:wheat":2,"undead_revamp2:arapholia":2,"born_in_chaos_v1:ethereal_spirit":4,"minecraft:rotten_flesh":51,"enderio:dark_steel_ingot":1,"minecraft:oak_planks":24,"minecraft:glowstone_dust":4,"minecraft:cooked_mutton":30,"smarter_mobs:spider_web":1,"minecraft:leather_chestplate":1,"born_in_chaos_v1:seedof_chaos":1,"minecraft:gunpowder":3,"born_in_chaos_v1:corpse_maggot":15,"minecraft:acacia_sapling":2,"minecraft:azalea":1,"minecraft:arrow":9,"alexsmobs:banana":3,"iceandfire:silver_pickaxe":1,"minecraft:egg":1,"minecraft:iron_ingot":1,"farmersdelight:tomato_seeds":5,"minecraft:enchanted_book":2,"born_in_chaos_v1:shattered_skull":1,"minecraft:wheat_seeds":4,"enderio:wood_gear":3,"minecraft:dripstone_block":1,"minecraft:iron_helmet":1,"minecraft:cobblestone":45,"minecraft:apple":14,"minecraft:granite":2,"minecraft:copper_ingot":1,"spelunkers_charm:deepslate_rock":14,"minecraft:stick":12,"minecraft:torch":24,"tombstone:grave_key":4,"luckys_armory:heavy_iron_armor_helmet":1,"minecraft:wooden_axe":1,"minecraft:melon_slice":4,"born_in_chaos_v1:fused_bone":2,"tombstone:grave_dust":10,"minecraft:string":34,"minecraft:moss_carpet":2,"minecraft:player_head":16,"minecraft:cocoa_beans":1,"minecraft:tuff":19,"minecraft:raw_iron":15,"farmersdelight:cabbage_seeds":5,"minecraft:clay_ball":4,"minecraft:oak_button":1,"minecraft:oak_sapling":17,"minecraft:spider_eye":1,"minecraft:bamboo":2,"minecraft:sandstone":10,"minecraft:stone_pickaxe":2,"minecraft:wooden_pickaxe":1,"minecraft:raw_gold":2,"minecraft:magma_block":65},"minecraft:broken":{"minecraft:iron_boots":1,"minecraft:wooden_axe":1,"born_in_chaos_v1:wood_splitter_axe":1,"minecraft:stone_sword":1,"minecraft:shield":1,"minecraft:iron_pickaxe":2}},"DataVersion":3465}