{"stats":{"minecraft:killed_by":{"undead_revamp2:sucker":1,"undead_revamp2:bomber":1,"minecraft:zombie":1,"minecraft:spider":1,"friendsandfoes:mauler":1,"born_in_chaos_v1:dark_vortex":1,"alexsmobs:bison":1,"undead_revamp2:thespitter":1,"undead_revamp2:thehunter":1,"born_in_chaos_v1:decrepit_skeleton":1,"minecraft:skeleton":3,"iceandfire:lightning_dragon":2},"minecraft:mined":{"undead_revamp2:arapholia":1,"minecraft:granite":41,"minecraft:budding_amethyst":1,"minecraft:acacia_log":10,"minecraft:grass_block":18,"minecraft:jungle_log":64,"minecraft:deepslate_bricks":1,"minecraft:composter":1,"minecraft:spawner":2,"iceandfire:crackled_cobblestone":35,"minecraft:magma_block":73,"minecraft:raw_iron_block":1,"minecraft:iron_ore":59,"minecraft:fire":1,"minecraft:cobbled_deepslate":11,"minecraft:target":1,"minecraft:moss_carpet":1,"minecraft:deepslate_lapis_ore":2,"minecraft:anvil":2,"minecraft:dark_oak_stairs":1,"minecraft:sculk_shrieker":5,"minecraft:pointed_dripstone":2,"minecraft:flowering_azalea_leaves":1,"minecraft:stripped_mangrove_wood":2,"minecraft:white_banner":1,"minecraft:player_head":1,"mekanism:osmium_ore":2,"minecraft:red_bed":8,"minecraft:blackstone":117,"minecraft:powder_snow":13,"minecraft:torch":6,"minecraft:blast_furnace":12,"minecraft:melon":1,"minecraft:chest":3,"mekanism:tin_ore":6,"galosphere:silver_ore":16,"minecraft:cobblestone":11,"minecraft:grindstone":1,"minecraft:sugar_cane":3,"minecraft:oak_planks":29,"minecraft:wall_torch":2,"minecraft:deepslate_copper_ore":1,"minecraft:seagrass":1,"iceandfire:crackled_stone":29,"minecraft:birch_door":2,"minecraft:stripped_oak_wood":2,"mekanism:deepslate_tin_ore":3,"minecraft:grass":89,"minecraft:oak_log":48,"mekanism:lead_ore":8,"minecraft:sand":7,"minecraft:dirt":32,"minecraft:oak_leaves":20,"minecraft:deepslate":147,"minecraft:diamond_ore":1,"minecraft:tuff":25,"iceandfire:silver_ore":5,"minecraft:deepslate_diamond_ore":15,"born_in_chaos_v1:infected_diamond_ore":2,"mekanism:deepslate_osmium_ore":8,"minecraft:ladder":2,"born_in_chaos_v1:black_argillite":3,"alexsmobs:leafcutter_ant_chamber":1,"iceandfire:dragon_ice":5,"minecraft:spruce_leaves":9,"minecraft:moss_block":2,"minecraft:sandstone":1,"spelunkers_charm:deepslate_rock_pile_1":1,"minecraft:furnace":7,"minecraft:andesite":2,"minecraft:bookshelf":5,"minecraft:deepslate_iron_ore":40,"minecraft:vine":6,"minecraft:stone":454,"minecraft:scaffolding":5,"minecraft:acacia_leaves":1,"minecraft:mangrove_stairs":1,"smarter_mobs:spider_web":2,"galosphere:deepslate_silver_ore":14,"minecraft:crafting_table":7,"minecraft:lectern":2,"minecraft:tall_grass":59,"minecraft:deepslate_coal_ore":9,"minecraft:lapis_ore":1,"minecraft:deepslate_gold_ore":11,"minecraft:sculk":2,"minecraft:diorite":6,"minecraft:coarse_dirt":7,"spelunkers_charm:deepslate_rock_pile_3":2,"minecraft:spruce_log":5,"minecraft:coal_ore":45,"minecraft:dripstone_block":1,"minecraft:cyan_carpet":4,"mekanism:deepslate_fluorite_ore":4,"minecraft:cobweb":4,"mekanism:deepslate_uranium_ore":11,"minecraft:cracked_stone_bricks":1,"minecraft:stone_bricks":4,"minecraft:mossy_stone_bricks":1,"minecraft:deepslate_emerald_ore":1,"minecraft:fern":3},"minecraft:used":{"minecraft:iron_shovel":11,"minecraft:ladder":20,"iceandfire:dragon_skull_ice":4,"minecraft:chest":6,"minecraft:shield":116,"minecraft:iron_sword":529,"minecraft:player_head":34,"minecraft:rotten_flesh":8,"minecraft:iron_chestplate":1,"minecraft:jungle_planks":2,"minecraft:tuff":2,"minecraft:big_dripleaf":3,"minecraft:lava_bucket":2,"minecraft:magma_block":11,"minecraft:bow":15,"minecraft:sweet_berries":14,"minecraft:oak_sapling":2,"minecraft:furnace":10,"minecraft:egg":5,"minecraft:diorite":19,"minecraft:stone_pickaxe":95,"minecraft:mangrove_planks":7,"minecraft:oak_planks":37,"minecraft:blackstone":84,"minecraft:wooden_pickaxe":8,"tombstone:tablet_of_guard":2,"minecraft:golden_apple":1,"alexscaves:cave_book":1,"minecraft:blast_furnace":12,"iceandfire:silver_pickaxe":452,"waystones:waystone":1,"minecraft:bread":1,"minecraft:cyan_carpet":5,"tombstone:grave_key":6,"born_in_chaos_v1:rotten_fish":2,"minecraft:grindstone":1,"minecraft:andesite":1,"minecraft:birch_log":3,"minecraft:oak_boat":12,"minecraft:coarse_dirt":4,"minecraft:stone_sword":128,"minecraft:dried_kelp":2,"minecraft:torch":195,"minecraft:dirt":94,"minecraft:anvil":2,"minecraft:granite":30,"minecraft:wooden_axe":104,"alexsmobs:maggot":2,"minecraft:iron_axe":90,"iceandfire:dragon_ice":3,"tombstone:gift":7,"minecraft:acacia_planks":11,"minecraft:cobbled_deepslate":80,"minecraft:cooked_mutton":111,"minecraft:water_bucket":12,"iceandfire:crackled_stone":10,"iceandfire:dragon_skull_lightning":3,"minecraft:rail":1,"minecraft:crafting_table":19,"minecraft:red_bed":8,"minecraft:spider_eye":1,"minecraft:cod":1,"tombstone:tablet_of_home":2,"bosses_of_mass_destruction:soul_star":2,"iceandfire:armor_silver_metal_chestplate":1,"tombstone:bag_of_seeds":1,"minecraft:iron_pickaxe":745,"minecraft:stone_axe":47,"iceandfire:crackled_cobblestone":10,"minecraft:cobblestone":111,"minecraft:potion":1,"minecraft:bucket":15,"born_in_chaos_v1:wood_splitter_axe":147},"minecraft:crafted":{"minecraft:oak_planks":240,"mekanism:ingot_osmium":8,"minecraft:cooked_mutton":2,"minecraft:bow":1,"minecraft:iron_boots":3,"tombstone:grave_key":2,"minecraft:chest":3,"galosphere:silver_ingot":17,"minecraft:oak_button":1,"mekanism:ingot_tin":9,"minecraft:crafting_table":12,"minecraft:spruce_planks":20,"minecraft:iron_helmet":3,"minecraft:wooden_pickaxe":1,"minecraft:copper_ingot":6,"minecraft:iron_chestplate":3,"minecraft:charcoal":7,"minecraft:shield":4,"minecraft:stick":165,"minecraft:iron_ingot":83,"minecraft:iron_pickaxe":3,"minecraft:stone_sword":1,"minecraft:shears":1,"minecraft:raw_iron":9,"minecraft:furnace":4,"mekanism:ingot_uranium":6,"minecraft:ladder":21,"minecraft:stone_pickaxe":2,"iceandfire:armor_silver_metal_boots":1,"iceandfire:silver_ingot":5,"minecraft:iron_sword":2,"minecraft:mangrove_planks":8,"minecraft:bucket":2,"minecraft:stone_axe":1,"minecraft:jungle_planks":28,"minecraft:air":0,"iceandfire:armor_silver_metal_helmet":1,"minecraft:oak_boat":5,"minecraft:wooden_axe":2,"minecraft:iron_shovel":1,"minecraft:iron_leggings":2,"minecraft:acacia_planks":40,"iceandfire:silver_pickaxe":1,"minecraft:torch":220},"minecraft:picked_up":{"minecraft:iron_chestplate":1,"minecraft:wheat":5,"minecraft:flower_pot":1,"minecraft:anvil":2,"mekanism:raw_uranium":11,"minecraft:lead":1,"minecraft:potion":1,"minecraft:enchanted_book":4,"tombstone:grave_key":4,"minecraft:amethyst_block":11,"born_in_chaos_v1:black_argillite":3,"minecraft:string":20,"minecraft:raw_copper":20,"minecraft:iron_leggings":3,"minecraft:armor_stand":1,"minecraft:activator_rail":3,"minecraft:diamond_leggings":1,"minecraft:cobbled_deepslate":162,"alexsmobs:banana":3,"bosses_of_mass_destruction:soul_star":2,"minecraft:azalea":1,"born_in_chaos_v1:stimulating_decoction":2,"minecraft:melon_slice":4,"minecraft:furnace":7,"minecraft:stick":26,"born_in_chaos_v1:shattered_skull":1,"minecraft:composter":1,"minecraft:big_dripleaf":3,"minecraft:torch":30,"minecraft:acacia_log":10,"minecraft:dried_kelp":2,"luckys_armory:heavy_iron_armor_helmet":1,"tombstone:grave_dust":19,"minecraft:pointed_dripstone":6,"minecraft:diorite":19,"mekanism:raw_tin":9,"minecraft:mangrove_stairs":1,"minecraft:rotten_flesh":96,"farmersdelight:rope":11,"minecraft:cod":1,"undead_revamp2:arapholia":4,"minecraft:cobblestone":512,"minecraft:birch_log":3,"minecraft:magma_block":76,"minecraft:leather_chestplate":1,"galosphere:spectre_flare":2,"farmersdelight:rice":2,"born_in_chaos_v1:spiritual_dust":3,"minecraft:andesite":1,"minecraft:jungle_log":7,"paraglider:spirit_orb":4,"minecraft:tuff":21,"minecraft:lapis_lazuli":47,"minecraft:dirt":59,"smarter_mobs:spider_web":3,"minecraft:lantern":1,"born_in_chaos_v1:monster_skin":1,"minecraft:bone":41,"minecraft:wheat_seeds":18,"minecraft:raw_gold":11,"minecraft:grindstone":1,"minecraft:glowstone_dust":4,"minecraft:bamboo":4,"galosphere:raw_silver":30,"enderio:dark_steel_ingot":1,"minecraft:oak_planks":60,"minecraft:jungle_planks":6,"minecraft:sand":4,"alexsmobs:animal_dictionary":1,"undead_revamp2:acidsack":1,"minecraft:bundle":3,"minecraft:diamond":19,"iceandfire:crackled_stone":72,"waystones:waystone":1,"iceandfire:dragon_ice":3,"minecraft:granite":44,"minecraft:bone_meal":3,"minecraft:golden_apple":1,"minecraft:emerald":1,"alexsmobs:maggot":2,"minecraft:oak_sapling":19,"born_in_chaos_v1:rotten_fish":16,"iceandfire:raw_silver":5,"minecraft:coarse_dirt":4,"iceandfire:dragon_skull_lightning":3,"minecraft:cocoa_beans":1,"minecraft:charcoal":7,"born_in_chaos_v1:diamond_termite_shard":1,"minecraft:crafting_table":8,"minecraft:ladder":2,"minecraft:clay_ball":4,"born_in_chaos_v1:seedof_chaos":1,"spelunkers_charm:deepslate_rock":14,"enderio:broken_spawner":1,"minecraft:red_bed":9,"minecraft:moss_carpet":2,"minecraft:iron_shovel":1,"minecraft:cyan_carpet":5,"minecraft:blackstone":141,"minecraft:oak_boat":8,"born_in_chaos_v1:gnawed_bones":2,"minecraft:player_head":5,"minecraft:lectern":2,"minecraft:sugar_cane":3,"minecraft:chest":3,"minecraft:diamond_hoe":1,"minecraft:egg":7,"minecraft:stripped_mangrove_wood":2,"minecraft:raw_iron":97,"minecraft:sandstone":10,"iceandfire:dragonbone":38,"minecraft:copper_ingot":7,"farmersdelight:tomato_seeds":4,"born_in_chaos_v1:pieceofdarkmetal":1,"minecraft:redstone":4,"minecraft:stone_pressure_plate":1,"iceandfire:dragon_skull_ice":3,"minecraft:arrow":26,"born_in_chaos_v1:wood_splitter_axe":1,"minecraft:saddle":1,"minecraft:gold_ingot":6,"tombstone:essence_of_undeath":1,"undead_revamp2:the_somnolenceextract":2,"minecraft:glow_berries":4,"minecraft:mutton":2,"minecraft:rail":5,"minecraft:white_wool":14,"born_in_chaos_v1:fused_bone":2,"minecraft:stripped_oak_log":3,"born_in_chaos_v1:corpse_maggot":40,"born_in_chaos_v1:monster_flesh":4,"mekanism:raw_lead":8,"spelunkers_charm:old_miners_bundle":1,"minecraft:oak_log":71,"minecraft:gunpowder":4,"tombstone:gift":1,"minecraft:cooked_mutton":145,"minecraft:apple":15,"enderio:wood_gear":1,"minecraft:iron_ingot":4,"minecraft:stone_pickaxe":2,"minecraft:stripped_oak_wood":2,"tombstone:bag_of_seeds":1,"iceandfire:crackled_cobblestone":69,"minecraft:iron_sword":3,"minecraft:acacia_sapling":2,"minecraft:book":15,"iceandfire:copper_nugget":188,"minecraft:sculk":4,"minecraft:sweet_berries":13,"born_in_chaos_v1:ethereal_spirit":4,"minecraft:dandelion":3,"minecraft:raw_iron_block":1,"minecraft:dripstone_block":1,"minecraft:gravel":4,"born_in_chaos_v1:dark_rod":4,"minecraft:soul_torch":8,"minecraft:spruce_sapling":3,"minecraft:blast_furnace":11,"minecraft:spruce_log":5,"mekanism:raw_osmium":8,"minecraft:spider_eye":2,"minecraft:pumpkin_seeds":5,"minecraft:sculk_sensor":6,"minecraft:stone_axe":1,"minecraft:iron_helmet":1,"mekanism:fluorite_gem":15,"tombstone:magic_scroll":1,"minecraft:coal":59},"minecraft:killed":{"undead_revamp2:thewolf":2,"born_in_chaos_v1:zombie_clown":2,"minecraft:witch":2,"born_in_chaos_v1:zombie_lumberjack":4,"born_in_chaos_v1:restless_spirit":4,"minecraft:spider":22,"undead_revamp2:thesmoker":2,"undead_revamp2:theswarmer":2,"born_in_chaos_v1:baby_skeleton_minion":4,"creeperoverhaul:bamboo_creeper":4,"minecraft:skeleton":26,"creeperoverhaul:jungle_creeper":2,"undead_revamp2:therod":10,"undead_revamp2:thespitter":2,"born_in_chaos_v1:bonescaller":4,"minecraft:zombie_villager":2,"born_in_chaos_v1:diamond_termite":4,"undead_revamp2:thebeartamer":2,"minecraft:creeper":4,"minecraft:sheep":2,"undead_revamp2:thebidyupside":6,"laendli_transport:crab":4,"alexsmobs:flutter":2,"minecraft:zombie":72,"born_in_chaos_v1:dread_hound":14,"born_in_chaos_v1:corpse_fly":58,"undead_revamp2:theskeeper":2,"alexsmobs:fly":2,"born_in_chaos_v1:door_knight":6,"undead_revamp2:thehunter":10,"undead_revamp2:thegliter":2,"born_in_chaos_v1:zombie_bruiser":8,"born_in_chaos_v1:maggot":56,"friendsandfoes:mauler":2,"born_in_chaos_v1:corpse_fish":8,"undead_revamp2:sucker":10,"born_in_chaos_v1:barrel_zombie":2,"minecraft:husk":18,"laendli_transport:slabcrab":2,"born_in_chaos_v1:baby_skeleton":2,"born_in_chaos_v1:swarmer":2,"undead_revamp2:the_moonflower":20,"born_in_chaos_v1:decrepit_skeleton":14,"born_in_chaos_v1:bloody_gadfly":2,"undead_revamp2:thesomnolence":36,"iceandfire:ghost":4,"born_in_chaos_v1:dark_vortex":4},"minecraft:custom":{"minecraft:animals_bred":1,"minecraft:interact_with_crafting_table":65,"minecraft:open_barrel":16,"minecraft:leave_game":17,"minecraft:time_since_death":5764,"minecraft:sprint_one_cm":1045996,"minecraft:damage_blocked_by_shield":5740,"minecraft:drop":199,"minecraft:talked_to_villager":3,"minecraft:play_time":528891,"minecraft:deaths":64,"minecraft:jump":8458,"minecraft:walk_on_water_one_cm":50601,"minecraft:interact_with_furnace":90,"minecraft:interact_with_loom":2,"minecraft:sleep_in_bed":7,"minecraft:waystone_activated":1,"tombstone:sneak_grave":1,"minecraft:damage_dealt":36442,"minecraft:crouch_one_cm":100203,"tombstone:undead_killed":117,"minecraft:interact_with_anvil":2,"minecraft:mob_kills":249,"minecraft:damage_dealt_resisted":2708,"minecraft:climb_one_cm":122808,"minecraft:walk_one_cm":1417425,"minecraft:sneak_time":40297,"minecraft:walk_under_water_one_cm":45767,"minecraft:boat_one_cm":40,"minecraft:interact_with_blast_furnace":69,"minecraft:total_world_time":528891,"spartanshields:shield_bash_hits":12,"tombstone:raider_killed":1,"minecraft:time_since_rest":5514,"minecraft:damage_taken":28231,"minecraft:damage_absorbed":40,"minecraft:trigger_trapped_chest":1,"minecraft:swim_one_cm":24093,"minecraft:fly_one_cm":1334065,"minecraft:open_chest":271,"minecraft:fall_one_cm":236849},"minecraft:dropped":{"minecraft:iron_sword":2,"minecraft:lapis_lazuli":12,"minecraft:glass_bottle":1,"minecraft:diamond":4,"slenderman:slender_book":1,"minecraft:glow_berries":4,"minecraft:lantern":1,"minecraft:mangrove_planks":1,"minecraft:rail":4,"farmersdelight:rice":2,"paraglider:spirit_orb":2,"born_in_chaos_v1:monster_flesh":1,"minecraft:dirt":1,"minecraft:red_bed":1,"minecraft:mangrove_stairs":1,"undead_revamp2:the_somnolenceextract":2,"minecraft:bone_meal":2,"minecraft:sand":1,"minecraft:gold_ingot":3,"minecraft:bone":36,"minecraft:stone_axe":1,"minecraft:blackstone":62,"alexsmobs:animal_dictionary":2,"minecraft:cobbled_deepslate":66,"minecraft:wheat":2,"undead_revamp2:arapholia":3,"minecraft:pointed_dripstone":6,"born_in_chaos_v1:ethereal_spirit":4,"minecraft:rotten_flesh":52,"enderio:dark_steel_ingot":1,"minecraft:oak_planks":24,"minecraft:glowstone_dust":4,"minecraft:cooked_mutton":36,"smarter_mobs:spider_web":1,"minecraft:leather_chestplate":1,"born_in_chaos_v1:seedof_chaos":1,"minecraft:gunpowder":4,"born_in_chaos_v1:corpse_maggot":15,"iceandfire:crackled_cobblestone":56,"minecraft:azalea":1,"minecraft:acacia_sapling":2,"farmersdelight:rope":11,"minecraft:arrow":15,"alexsmobs:banana":3,"iceandfire:silver_pickaxe":1,"minecraft:egg":1,"farmersdelight:tomato_seeds":9,"minecraft:iron_ingot":1,"minecraft:enchanted_book":2,"minecraft:wheat_seeds":6,"born_in_chaos_v1:shattered_skull":1,"enderio:wood_gear":4,"minecraft:dripstone_block":1,"minecraft:iron_helmet":1,"minecraft:cobblestone":84,"minecraft:apple":14,"minecraft:granite":16,"minecraft:activator_rail":3,"minecraft:copper_ingot":1,"minecraft:golden_apple":1,"spelunkers_charm:deepslate_rock":14,"minecraft:stick":12,"minecraft:sculk":4,"iceandfire:copper_nugget":18,"minecraft:torch":24,"tombstone:grave_key":6,"luckys_armory:heavy_iron_armor_helmet":1,"minecraft:wooden_axe":1,"minecraft:melon_slice":4,"born_in_chaos_v1:fused_bone":2,"tombstone:grave_dust":10,"minecraft:iron_leggings":1,"minecraft:string":34,"minecraft:moss_carpet":2,"minecraft:player_head":26,"minecraft:raw_copper":10,"minecraft:cocoa_beans":1,"minecraft:tuff":19,"born_in_chaos_v1:rotten_fish":6,"minecraft:raw_iron":16,"farmersdelight:cabbage_seeds":5,"minecraft:clay_ball":4,"minecraft:pumpkin_seeds":5,"minecraft:shield":1,"minecraft:oak_button":1,"minecraft:iron_chestplate":1,"minecraft:oak_sapling":17,"minecraft:spider_eye":1,"minecraft:bamboo":2,"minecraft:sandstone":10,"iceandfire:crackled_stone":51,"minecraft:stone_pickaxe":3,"minecraft:wooden_pickaxe":1,"minecraft:raw_gold":2,"minecraft:magma_block":65},"minecraft:broken":{"minecraft:iron_boots":1,"minecraft:wooden_axe":1,"born_in_chaos_v1:wood_splitter_axe":1,"minecraft:stone_sword":1,"minecraft:shield":2,"minecraft:iron_pickaxe":2,"minecraft:iron_helmet":1}},"DataVersion":3465}