{"stats":{"minecraft:killed_by":{"undead_revamp2:sucker":1,"undead_revamp2:bomber":1,"minecraft:zombie":1,"born_in_chaos_v1:dark_vortex":1,"alexsmobs:bison":1,"undead_revamp2:thespitter":1,"born_in_chaos_v1:decrepit_skeleton":1,"minecraft:skeleton":2},"minecraft:mined":{"undead_revamp2:arapholia":1,"minecraft:grass_block":9,"minecraft:jungle_log":64,"minecraft:composter":1,"minecraft:spawner":2,"minecraft:magma_block":66,"minecraft:raw_iron_block":1,"minecraft:iron_ore":29,"minecraft:cobbled_deepslate":11,"minecraft:target":1,"minecraft:moss_carpet":1,"minecraft:anvil":2,"minecraft:dark_oak_stairs":1,"minecraft:flowering_azalea_leaves":1,"minecraft:white_banner":1,"minecraft:stripped_mangrove_wood":2,"minecraft:player_head":1,"mekanism:osmium_ore":2,"minecraft:red_bed":8,"minecraft:blackstone":36,"minecraft:powder_snow":13,"minecraft:torch":1,"minecraft:blast_furnace":12,"minecraft:melon":1,"minecraft:chest":3,"mekanism:tin_ore":6,"galosphere:silver_ore":7,"minecraft:cobblestone":8,"minecraft:grindstone":1,"minecraft:sugar_cane":3,"minecraft:oak_planks":20,"minecraft:wall_torch":1,"minecraft:seagrass":1,"minecraft:birch_door":2,"minecraft:stripped_oak_wood":2,"minecraft:grass":84,"mekanism:deepslate_tin_ore":3,"minecraft:oak_log":38,"mekanism:lead_ore":5,"minecraft:sand":7,"minecraft:dirt":9,"minecraft:oak_leaves":18,"minecraft:deepslate":144,"minecraft:tuff":25,"iceandfire:silver_ore":5,"minecraft:deepslate_diamond_ore":3,"mekanism:deepslate_osmium_ore":8,"minecraft:ladder":2,"alexsmobs:leafcutter_ant_chamber":1,"iceandfire:dragon_ice":5,"minecraft:spruce_leaves":9,"minecraft:moss_block":2,"minecraft:sandstone":1,"spelunkers_charm:deepslate_rock_pile_1":1,"minecraft:furnace":6,"minecraft:andesite":2,"minecraft:bookshelf":5,"minecraft:deepslate_iron_ore":32,"minecraft:vine":6,"minecraft:stone":412,"minecraft:acacia_leaves":1,"minecraft:scaffolding":5,"minecraft:mangrove_stairs":1,"smarter_mobs:spider_web":1,"galosphere:deepslate_silver_ore":4,"minecraft:crafting_table":6,"minecraft:lectern":2,"minecraft:tall_grass":57,"minecraft:deepslate_coal_ore":9,"minecraft:deepslate_gold_ore":3,"minecraft:diorite":6,"minecraft:coarse_dirt":2,"spelunkers_charm:deepslate_rock_pile_3":2,"minecraft:spruce_log":5,"minecraft:coal_ore":22,"minecraft:cyan_carpet":4,"mekanism:deepslate_fluorite_ore":4,"minecraft:cracked_stone_bricks":1,"minecraft:cobweb":4,"mekanism:deepslate_uranium_ore":11,"minecraft:stone_bricks":4,"minecraft:mossy_stone_bricks":1,"minecraft:deepslate_emerald_ore":1,"minecraft:fern":3},"minecraft:used":{"minecraft:iron_shovel":11,"iceandfire:dragon_skull_ice":3,"minecraft:ladder":17,"minecraft:chest":6,"minecraft:shield":55,"minecraft:iron_sword":310,"minecraft:player_head":28,"minecraft:rotten_flesh":8,"minecraft:iron_chestplate":1,"minecraft:jungle_planks":2,"minecraft:tuff":2,"minecraft:big_dripleaf":3,"minecraft:lava_bucket":2,"minecraft:magma_block":6,"minecraft:sweet_berries":14,"minecraft:furnace":9,"minecraft:egg":1,"minecraft:diorite":19,"minecraft:stone_pickaxe":91,"minecraft:mangrove_planks":7,"minecraft:oak_planks":24,"minecraft:blackstone":3,"minecraft:wooden_pickaxe":8,"tombstone:tablet_of_guard":2,"minecraft:golden_apple":1,"minecraft:blast_furnace":12,"iceandfire:silver_pickaxe":333,"waystones:waystone":1,"minecraft:bread":1,"minecraft:cyan_carpet":5,"tombstone:grave_key":1,"minecraft:grindstone":1,"minecraft:birch_log":3,"minecraft:andesite":1,"minecraft:oak_boat":12,"minecraft:stone_sword":128,"minecraft:dried_kelp":2,"minecraft:torch":64,"minecraft:dirt":19,"minecraft:anvil":2,"minecraft:wooden_axe":104,"minecraft:iron_axe":53,"iceandfire:dragon_ice":3,"tombstone:gift":7,"minecraft:cobbled_deepslate":78,"minecraft:cooked_mutton":92,"minecraft:water_bucket":11,"iceandfire:dragon_skull_lightning":2,"minecraft:rail":1,"minecraft:crafting_table":17,"minecraft:red_bed":8,"minecraft:spider_eye":1,"minecraft:cod":1,"tombstone:tablet_of_home":2,"bosses_of_mass_destruction:soul_star":2,"iceandfire:armor_silver_metal_chestplate":1,"tombstone:bag_of_seeds":1,"minecraft:iron_pickaxe":500,"minecraft:stone_axe":47,"minecraft:cobblestone":40,"minecraft:bucket":14,"born_in_chaos_v1:wood_splitter_axe":147},"minecraft:crafted":{"minecraft:oak_planks":200,"mekanism:ingot_osmium":8,"minecraft:cooked_mutton":2,"minecraft:iron_boots":2,"tombstone:grave_key":1,"minecraft:chest":3,"galosphere:silver_ingot":11,"minecraft:oak_button":1,"mekanism:ingot_tin":9,"minecraft:crafting_table":10,"minecraft:spruce_planks":20,"minecraft:iron_helmet":1,"minecraft:wooden_pickaxe":1,"minecraft:iron_chestplate":2,"minecraft:charcoal":7,"minecraft:shield":2,"minecraft:stick":113,"minecraft:iron_ingot":65,"minecraft:iron_pickaxe":2,"minecraft:stone_sword":1,"minecraft:shears":1,"minecraft:raw_iron":9,"minecraft:furnace":3,"mekanism:ingot_uranium":6,"minecraft:ladder":21,"minecraft:stone_pickaxe":1,"iceandfire:silver_ingot":3,"minecraft:iron_sword":2,"minecraft:mangrove_planks":8,"minecraft:bucket":1,"minecraft:stone_axe":1,"minecraft:jungle_planks":28,"minecraft:air":0,"minecraft:oak_boat":5,"minecraft:wooden_axe":2,"minecraft:iron_shovel":1,"minecraft:iron_leggings":1,"iceandfire:silver_pickaxe":1,"minecraft:torch":76},"minecraft:picked_up":{"minecraft:wheat":2,"minecraft:flower_pot":1,"minecraft:anvil":2,"mekanism:raw_uranium":11,"minecraft:enchanted_book":1,"minecraft:amethyst_block":11,"minecraft:string":16,"minecraft:iron_leggings":1,"minecraft:armor_stand":1,"minecraft:cobbled_deepslate":159,"alexsmobs:banana":3,"bosses_of_mass_destruction:soul_star":2,"minecraft:azalea":1,"minecraft:melon_slice":4,"minecraft:furnace":6,"minecraft:stick":9,"born_in_chaos_v1:shattered_skull":1,"minecraft:composter":1,"minecraft:big_dripleaf":3,"minecraft:torch":16,"minecraft:dried_kelp":2,"luckys_armory:heavy_iron_armor_helmet":1,"tombstone:grave_dust":17,"minecraft:diorite":19,"mekanism:raw_tin":9,"minecraft:mangrove_stairs":1,"minecraft:rotten_flesh":72,"minecraft:cod":1,"undead_revamp2:arapholia":2,"minecraft:cobblestone":427,"minecraft:birch_log":3,"minecraft:magma_block":70,"minecraft:leather_chestplate":1,"born_in_chaos_v1:spiritual_dust":3,"minecraft:andesite":1,"minecraft:jungle_log":7,"paraglider:spirit_orb":4,"minecraft:tuff":21,"minecraft:lapis_lazuli":14,"minecraft:dirt":26,"smarter_mobs:spider_web":2,"minecraft:lantern":1,"minecraft:bone":24,"minecraft:wheat_seeds":11,"minecraft:raw_gold":2,"minecraft:grindstone":1,"minecraft:glowstone_dust":4,"minecraft:bamboo":4,"galosphere:raw_silver":11,"enderio:dark_steel_ingot":1,"minecraft:oak_planks":51,"minecraft:jungle_planks":6,"minecraft:sand":4,"alexsmobs:animal_dictionary":1,"undead_revamp2:acidsack":1,"minecraft:bundle":1,"minecraft:diamond":6,"waystones:waystone":1,"iceandfire:dragon_ice":3,"minecraft:granite":2,"minecraft:bone_meal":1,"minecraft:emerald":1,"alexsmobs:maggot":2,"minecraft:oak_sapling":17,"born_in_chaos_v1:rotten_fish":7,"iceandfire:raw_silver":5,"iceandfire:dragon_skull_lightning":2,"minecraft:cocoa_beans":1,"minecraft:charcoal":7,"minecraft:crafting_table":7,"minecraft:ladder":2,"minecraft:clay_ball":4,"born_in_chaos_v1:seedof_chaos":1,"spelunkers_charm:deepslate_rock":14,"enderio:broken_spawner":1,"minecraft:red_bed":9,"minecraft:moss_carpet":2,"minecraft:iron_shovel":1,"minecraft:cyan_carpet":5,"minecraft:blackstone":38,"minecraft:oak_boat":8,"minecraft:player_head":3,"minecraft:lectern":2,"minecraft:sugar_cane":3,"minecraft:chest":3,"minecraft:egg":2,"minecraft:stripped_mangrove_wood":2,"minecraft:raw_iron":59,"minecraft:sandstone":10,"iceandfire:dragonbone":38,"minecraft:copper_ingot":7,"minecraft:stone_pressure_plate":1,"iceandfire:dragon_skull_ice":3,"minecraft:arrow":14,"born_in_chaos_v1:wood_splitter_axe":1,"tombstone:essence_of_undeath":1,"undead_revamp2:the_somnolenceextract":2,"minecraft:glow_berries":4,"minecraft:mutton":2,"minecraft:rail":1,"minecraft:white_wool":14,"born_in_chaos_v1:fused_bone":2,"minecraft:stripped_oak_log":3,"born_in_chaos_v1:corpse_maggot":36,"mekanism:raw_lead":5,"minecraft:oak_log":61,"minecraft:gunpowder":2,"tombstone:gift":1,"minecraft:cooked_mutton":145,"minecraft:apple":15,"minecraft:iron_ingot":1,"minecraft:stone_pickaxe":1,"minecraft:stripped_oak_wood":2,"tombstone:bag_of_seeds":1,"minecraft:iron_sword":3,"minecraft:book":15,"iceandfire:copper_nugget":4,"minecraft:sweet_berries":13,"born_in_chaos_v1:ethereal_spirit":4,"minecraft:raw_iron_block":1,"minecraft:gravel":4,"born_in_chaos_v1:dark_rod":2,"minecraft:spruce_sapling":3,"minecraft:blast_furnace":11,"minecraft:spruce_log":5,"mekanism:raw_osmium":8,"minecraft:spider_eye":2,"minecraft:stone_axe":1,"minecraft:iron_helmet":1,"mekanism:fluorite_gem":15,"tombstone:magic_scroll":1,"minecraft:coal":36},"minecraft:killed":{"undead_revamp2:thewolf":2,"minecraft:witch":2,"born_in_chaos_v1:zombie_lumberjack":2,"born_in_chaos_v1:restless_spirit":4,"minecraft:spider":8,"undead_revamp2:theswarmer":2,"born_in_chaos_v1:baby_skeleton_minion":4,"creeperoverhaul:bamboo_creeper":4,"minecraft:skeleton":14,"creeperoverhaul:jungle_creeper":2,"undead_revamp2:therod":8,"undead_revamp2:thespitter":2,"born_in_chaos_v1:bonescaller":4,"minecraft:zombie_villager":2,"undead_revamp2:thebeartamer":2,"minecraft:sheep":2,"laendli_transport:crab":4,"alexsmobs:flutter":2,"minecraft:zombie":46,"born_in_chaos_v1:dread_hound":4,"born_in_chaos_v1:corpse_fly":50,"undead_revamp2:theskeeper":2,"alexsmobs:fly":2,"born_in_chaos_v1:door_knight":4,"undead_revamp2:thehunter":2,"undead_revamp2:thegliter":2,"born_in_chaos_v1:zombie_bruiser":4,"born_in_chaos_v1:maggot":36,"friendsandfoes:mauler":2,"born_in_chaos_v1:corpse_fish":8,"undead_revamp2:sucker":10,"born_in_chaos_v1:barrel_zombie":2,"minecraft:husk":18,"laendli_transport:slabcrab":2,"born_in_chaos_v1:swarmer":2,"undead_revamp2:the_moonflower":8,"born_in_chaos_v1:decrepit_skeleton":10,"born_in_chaos_v1:bloody_gadfly":2,"undead_revamp2:thesomnolence":36,"iceandfire:ghost":4,"born_in_chaos_v1:dark_vortex":4},"minecraft:custom":{"minecraft:animals_bred":1,"minecraft:interact_with_crafting_table":50,"minecraft:open_barrel":15,"minecraft:leave_game":15,"minecraft:time_since_death":9815,"minecraft:sprint_one_cm":609907,"minecraft:damage_blocked_by_shield":2515,"minecraft:drop":123,"minecraft:talked_to_villager":3,"minecraft:play_time":355901,"minecraft:deaths":37,"minecraft:jump":5913,"minecraft:walk_on_water_one_cm":30509,"minecraft:interact_with_furnace":77,"minecraft:sleep_in_bed":7,"minecraft:waystone_activated":1,"tombstone:sneak_grave":1,"minecraft:damage_dealt":27333,"minecraft:crouch_one_cm":25147,"tombstone:undead_killed":78,"minecraft:interact_with_anvil":2,"minecraft:mob_kills":169,"minecraft:damage_dealt_resisted":1433,"minecraft:climb_one_cm":67746,"minecraft:walk_one_cm":1061369,"minecraft:sneak_time":11136,"minecraft:walk_under_water_one_cm":29886,"minecraft:boat_one_cm":40,"minecraft:interact_with_blast_furnace":49,"minecraft:total_world_time":355901,"spartanshields:shield_bash_hits":6,"tombstone:raider_killed":1,"minecraft:time_since_rest":9397,"minecraft:damage_taken":18125,"minecraft:damage_absorbed":40,"minecraft:trigger_trapped_chest":1,"minecraft:swim_one_cm":16183,"minecraft:fly_one_cm":807548,"minecraft:open_chest":151,"minecraft:fall_one_cm":148792},"minecraft:dropped":{"minecraft:iron_sword":1,"minecraft:lapis_lazuli":12,"slenderman:slender_book":1,"minecraft:glow_berries":4,"minecraft:lantern":1,"minecraft:mangrove_planks":1,"paraglider:spirit_orb":2,"minecraft:dirt":1,"minecraft:red_bed":1,"minecraft:mangrove_stairs":1,"undead_revamp2:the_somnolenceextract":2,"minecraft:sand":1,"minecraft:gold_ingot":3,"minecraft:bone":14,"minecraft:stone_axe":1,"minecraft:blackstone":34,"alexsmobs:animal_dictionary":2,"minecraft:cobbled_deepslate":65,"minecraft:wheat":2,"undead_revamp2:arapholia":2,"born_in_chaos_v1:ethereal_spirit":4,"minecraft:rotten_flesh":35,"enderio:dark_steel_ingot":1,"minecraft:oak_planks":24,"minecraft:glowstone_dust":4,"minecraft:cooked_mutton":30,"minecraft:leather_chestplate":1,"born_in_chaos_v1:seedof_chaos":1,"minecraft:gunpowder":2,"born_in_chaos_v1:corpse_maggot":15,"minecraft:azalea":1,"minecraft:arrow":9,"alexsmobs:banana":3,"farmersdelight:tomato_seeds":5,"minecraft:enchanted_book":2,"born_in_chaos_v1:shattered_skull":1,"minecraft:wheat_seeds":2,"enderio:wood_gear":3,"minecraft:iron_helmet":1,"minecraft:cobblestone":45,"minecraft:apple":14,"minecraft:granite":2,"minecraft:copper_ingot":1,"spelunkers_charm:deepslate_rock":14,"minecraft:stick":8,"minecraft:torch":24,"luckys_armory:heavy_iron_armor_helmet":1,"minecraft:wooden_axe":1,"minecraft:melon_slice":4,"born_in_chaos_v1:fused_bone":2,"tombstone:grave_dust":10,"minecraft:string":23,"minecraft:moss_carpet":2,"minecraft:player_head":7,"minecraft:cocoa_beans":1,"minecraft:tuff":19,"farmersdelight:cabbage_seeds":5,"minecraft:clay_ball":4,"minecraft:oak_button":1,"minecraft:oak_sapling":17,"minecraft:spider_eye":1,"minecraft:bamboo":2,"minecraft:sandstone":10,"minecraft:stone_pickaxe":2,"minecraft:wooden_pickaxe":1,"minecraft:raw_gold":2,"minecraft:magma_block":64},"minecraft:broken":{"minecraft:iron_boots":1,"minecraft:wooden_axe":1,"born_in_chaos_v1:wood_splitter_axe":1,"minecraft:stone_sword":1,"minecraft:iron_pickaxe":2}},"DataVersion":3465}